State,LGA,Ward,PU-Code,,,PU-Name,Accredited_Voters,Registered_Voters,Results_Found,Transcription_Count,Result_Sheet_Stamped,Result_Sheet_Corrected,Result_Sheet_Invalid,Result_Sheet_Unclear,Result_Sheet_Unsigned,APC,LP,PDP,NNPP,Results_File
ENUGU,ANINRI,ODUMA I,14-01-01-002,,,AMAEZE ENUGU AGU VILLAGE SQUARE,45,365,TRUE,0,TRUE,FALSE,FALSE,FALSE,FALSE,0,43,1,0,https://inec-cvr-cache.s3.eu-west-1.amazonaws.com/cached/results/38882/result_156530_1677492986_thumb.jpg
ENUGU,ANINRI,ODUMA I,14-01-01-003,,,OLOVOLO VILLAGE SQUARE,35,229,TRUE,0,TRUE,FALSE,FALSE,FALSE,TRUE,0,32,3,0,https://inec-cvr-cache.s3.eu-west-1.amazonaws.com/cached/results/38883/result_156531_1677493418_thumb.jpg
ENUGU,ANINRI,ODUMA II,14-01-02-002,,,"LIBERTY SCHOOL, OBEAGU ODUMA",80,703,TRUE,0,TRUE,FALSE,FALSE,FALSE,FALSE,0,0,0,0,https://inec-cvr-cache.s3.eu-west-1.amazonaws.com/cached/results/38893/result_156543_1677579872_thumb.jpg
ENUGU,ANINRI,ODUMA IV,14-01-04-004,,,NKWO MKT. SQUARE,98,595,TRUE,0,TRUE,FALSE,FALSE,FALSE,FALSE,2,92,3,0,https://inec-cvr-cache.s3.eu-west-1.amazonaws.com/cached/results/38916/result_156573_1677511597_thumb.jpg
ENUGU,ANINRI,NNENWE I,14-01-05-005,,,OBIOFU COMM. SCHOOL,240,1444,TRUE,0,TRUE,TRUE,FALSE,FALSE,FALSE,1,209,5,0,https://inec-cvr-cache.s3.eu-west-1.amazonaws.com/cached/results/38926/result_156584_1677571907_thumb.jpg
ENUGU,ANINRI,NNENWE I,14-01-05-006,,,OKPULO VILLAGE SQUARE,64,586,TRUE,0,TRUE,FALSE,FALSE,FALSE,FALSE,0,0,0,0,https://inec-cvr-cache.s3.eu-west-1.amazonaws.com/cached/results/38927/result_156585_1677572258_thumb.jpg
ENUGU,ANINRI,NDEABO,14-01-08-003,,,COMM. SCHOOL UMURAH I,201,1015,TRUE,0,TRUE,FALSE,FALSE,FALSE,FALSE,3,176,8,4,https://inec-cvr-cache.s3.eu-west-1.amazonaws.com/cached/results/38959/result_156627_1677503580_thumb.jpg
ENUGU,ANINRI,NDEABO,14-01-08-009,,,COMM. SCHOOL  ABACHEKU,147,540,TRUE,0,TRUE,FALSE,FALSE,FALSE,FALSE,0,105,23,2,https://inec-cvr-cache.s3.eu-west-1.amazonaws.com/cached/results/38965/result_156633_1677509280_thumb.jpg
ENUGU,ANINRI,MPU,14-01-10-001,,,COMM. PRI. SCHOOL MPU I,74,898,TRUE,0,TRUE,FALSE,FALSE,FALSE,FALSE,0,35,0,1,https://inec-cvr-cache.s3.eu-west-1.amazonaws.com/cached/results/38983/result_156661_1677526778_thumb.jpg
ENUGU,ANINRI,MPU,14-01-10-003,,,AMACHALLA PRIMARY SCHOOL,207,1295,TRUE,0,TRUE,FALSE,FALSE,FALSE,FALSE,1072,9,42,589,https://inec-cvr-cache.s3.eu-west-1.amazonaws.com/cached/results/38985/result_156663_1677672557_thumb.jpg
ENUGU,ANINRI,MPU,14-01-10-012,,,EZZA MPU VILLAGE SQUARE,67,753,TRUE,0,TRUE,TRUE,FALSE,FALSE,FALSE,0,0,0,0,https://inec-cvr-cache.s3.eu-west-1.amazonaws.com/cached/results/38994/result_156672_1677530080_thumb.jpg
ENUGU,AWGU,AWGU I,14-02-01-001,,,TOWN SCHOOL AWGU I,107,760,TRUE,0,TRUE,FALSE,FALSE,FALSE,FALSE,0,98,1,0,https://docs.inecelectionresults.net/elections_prod/1292/state/1/lga/3362/ward/20509/pu/39008/39008-1677592520.pdf
ENUGU,AWGU,AWGU I,14-02-01-002,,,TOWN SCHOOL AWGU II,114,827,TRUE,0,TRUE,FALSE,FALSE,FALSE,FALSE,1,104,1,0,https://docs.inecelectionresults.net/elections_prod/1292/state/1/lga/3362/ward/20509/pu/39009/39009-1677592729.pdf
ENUGU,AWGU,AWGU I,14-02-01-004,,,CENTRAL SCHOOL AWGU II,157,1105,TRUE,0,TRUE,FALSE,FALSE,FALSE,FALSE,3,144,2,0,https://docs.inecelectionresults.net/elections_prod/1292/state/1/lga/3362/ward/20509/pu/39011/39011-1677593127.pdf
ENUGU,AWGU,AWGU I,14-02-01-009,,,OBODO IBITE SQUARE,136,634,TRUE,0,TRUE,FALSE,FALSE,FALSE,FALSE,0,128,3,0,https://docs.inecelectionresults.net/elections_prod/1292/state/1/lga/3362/ward/20509/pu/39016/39016-1677600595.pdf
ENUGU,AWGU,AWGU I,14-02-01-014,,,OBUGO VILLAGE SQUARE,141,721,TRUE,0,TRUE,FALSE,FALSE,FALSE,FALSE,0,136,2,0,https://docs.inecelectionresults.net/elections_prod/1292/state/1/lga/3362/ward/20509/pu/39021/39021-1677601909.pdf
ENUGU,AWGU,MGBOWO,14-02-03-013,,,"COMM.  PRIMARY SCHOOL, INYI",160,882,TRUE,0,TRUE,FALSE,FALSE,FALSE,FALSE,3,153,3,0,https://docs.inecelectionresults.net/elections_prod/1292/state/1/lga/3362/ward/20511/pu/39049/39049-1677596393.pdf
ENUGU,AWGU,MGBOWO,14-02-03-015,,,COOPERATIVE HALL OGBETA,0,310,TRUE,0,TRUE,FALSE,FALSE,FALSE,FALSE,0,0,0,0,https://docs.inecelectionresults.net/elections_prod/1292/state/1/lga/3362/ward/20511/pu/39051/39051-1677653925.pdf
ENUGU,AWGU,MGBOWO,14-02-03-018,,,COOPERATIVE HALL OGBETA II,0,263,TRUE,0,TRUE,FALSE,FALSE,FALSE,FALSE,0,0,0,0,https://docs.inecelectionresults.net/elections_prod/1292/state/1/lga/3362/ward/20511/pu/39054/39054-1677654168.pdf
ENUGU,AWGU,OBEAGU,14-02-06-003,,,OPIGWE SQUARE,31,157,TRUE,0,TRUE,FALSE,FALSE,FALSE,FALSE,0,0,0,0,https://docs.inecelectionresults.net/elections_prod/1292/state/01/lga/02/ward/06/pu/003/003-1677364115.pdf
ENUGU,AWGU,OBEAGU,14-02-06-010,,,OBODO ANIUNO SQUARE,44,127,TRUE,0,TRUE,FALSE,FALSE,FALSE,FALSE,0,0,0,0,https://inec-cvr-cache.s3.eu-west-1.amazonaws.com/cached/results/39089/result_156794_1677497852_thumb.jpg
ENUGU,AWGU,OWELLI/AMOLI/UGBO/OGUGU,14-02-09-002,,,OBODO AMANABO,102,404,TRUE,0,TRUE,FALSE,FALSE,FALSE,FALSE,0,0,0,0,https://docs.inecelectionresults.net/elections_prod/1292/state/01/lga/02/ward/09/pu/002/002-1677406717.pdf
ENUGU,AWGU,OWELLI/AMOLI/UGBO/OGUGU,14-02-09-005,,,UGWU AMAGBE,78,268,TRUE,0,TRUE,FALSE,FALSE,FALSE,FALSE,0,71,2,0,https://docs.inecelectionresults.net/elections_prod/1292/state/1/lga/3362/ward/20517/pu/39152/39152-1677597432.pdf
ENUGU,AWGU,OWELLI/AMOLI/UGBO/OGUGU,14-02-09-008,,,UPE SCHOOL II,69,354,TRUE,0,TRUE,FALSE,FALSE,FALSE,FALSE,0,0,0,0,https://docs.inecelectionresults.net/elections_prod/1292/state/01/lga/02/ward/09/pu/008/008-1677401431.pdf
ENUGU,AWGU,OWELLI/AMOLI/UGBO/OGUGU,14-02-09-011,,,NKWO OGUGU,66,339,TRUE,0,TRUE,FALSE,FALSE,FALSE,FALSE,0,0,0,0,https://docs.inecelectionresults.net/elections_prod/1292/state/01/lga/02/ward/09/pu/011/011-1677369678.pdf
ENUGU,AWGU,ISU AWA/OGUGU/AGBUDU/ITUKU,14-02-10-005,,,CENTRAL SCHOOL HALL ISU,152,477,TRUE,0,TRUE,TRUE,FALSE,FALSE,FALSE,0,30,0,0,https://docs.inecelectionresults.net/elections_prod/1292/state/1/lga/3362/ward/20518/pu/39186/39186-1677610258.pdf
ENUGU,AWGU,ISU AWA/OGUGU/AGBUDU/ITUKU,14-02-10-014,,,CENTRAL SCHOOL ITUKU,132,667,TRUE,0,TRUE,FALSE,FALSE,FALSE,FALSE,0,0,0,0,https://docs.inecelectionresults.net/elections_prod/1292/state/1/lga/3362/ward/20518/pu/39195/39195-1677611357.pdf
ENUGU,AWGU,OGBAKU,14-02-11-003,,,UMUATUBO VILLAGE HALL,69,309,TRUE,0,TRUE,FALSE,FALSE,FALSE,FALSE,0,0,0,0,https://docs.inecelectionresults.net/elections_prod/1292/state/1/lga/3362/ward/20519/pu/39207/39207-1677608193.pdf
ENUGU,AWGU,OGBAKU,14-02-11-010,,,CENTRAL SCHOOL OGBAKU II,39,255,TRUE,0,TRUE,FALSE,FALSE,FALSE,FALSE,0,0,0,0,https://docs.inecelectionresults.net/elections_prod/1292/state/1/lga/3362/ward/20519/pu/39216/39216-1677616017.pdf
ENUGU,AWGU,OGBAKU,14-02-11-011,,,NWAUGBA (UNAPPROVED SEC. SHOOL),67,393,TRUE,0,TRUE,FALSE,FALSE,FALSE,FALSE,0,0,0,0,https://docs.inecelectionresults.net/elections_prod/1292/state/1/lga/3362/ward/20519/pu/39217/39217-1677619572.pdf
ENUGU,AWGU,OGBAKU,14-02-11-012,,,NWAUGBA (UNAPPROVED SEC. SHOOL),67,393,TRUE,0,TRUE,FALSE,FALSE,FALSE,FALSE,697,4,12,743,https://docs.inecelectionresults.net/elections_prod/1292/state/1/lga/3362/ward/20519/pu/39217/39217-1677619572.pdf
ENUGU,ENUGU EAST,ABAKPA I,14-03-01-002,,,ABAKPA VILLAGE PRIMARY SCHOOL II,129,750,TRUE,0,TRUE,FALSE,FALSE,FALSE,FALSE,0,127,1,0,https://inec-cvr-cache.s3.eu-west-1.amazonaws.com/cached/results/39211/result_156923_1677563915_thumb.jpg
ENUGU,ENUGU EAST,ABAKPA I,14-03-01-003,,,ABAKPA VILLAGE PRIMARY SCHOOL III,221,1287,TRUE,0,TRUE,TRUE,FALSE,FALSE,FALSE,1,216,2,0,https://inec-cvr-cache.s3.eu-west-1.amazonaws.com/cached/results/39212/result_156924_1677534151_thumb.jpg
ENUGU,ENUGU EAST,ABAKPA I,14-03-01-014,,,HOUSING ESTATE PRIMARY SCHOOL II,187,750,TRUE,0,TRUE,FALSE,FALSE,FALSE,FALSE,0,0,0,0,https://inec-cvr-cache.s3.eu-west-1.amazonaws.com/cached/results/39222/result_156934_1677532815_thumb.jpg
ENUGU,ENUGU EAST,ABAKPA I,14-03-01-015,,,HOUSING ESTATE PRIMARY SCHOOL IV,187,750,TRUE,0,TRUE,FALSE,FALSE,FALSE,FALSE,0,0,0,0,https://docs.inecelectionresults.net/elections_prod/1292/state/01/lga/03/ward/01/pu/015/015-1677383713.pdf
ENUGU,ENUGU EAST,ABAKPA I,14-03-01-017,,,HOUSING ESTATE PRIMARY SCHOOL VI,217,898,TRUE,0,TRUE,FALSE,FALSE,FALSE,FALSE,1,209,0,3,https://inec-cvr-cache.s3.eu-west-1.amazonaws.com/cached/results/39226/result_156938_1677566858_thumb.jpg
ENUGU,ENUGU EAST,ABAKPA I,14-03-01-020,,,HOUSING ESTATE PRIMARY SCHOOL VIII,158,862,TRUE,0,TRUE,FALSE,FALSE,FALSE,FALSE,0,0,0,0,https://inec-cvr-cache.s3.eu-west-1.amazonaws.com/cached/results/39228/result_156940_1677533373_thumb.jpg
ENUGU,ENUGU EAST,ABAKPA I,14-03-01-032,,,ABAKPA GIRLS SEC. SCH. I,691,3073,TRUE,0,TRUE,FALSE,FALSE,FALSE,FALSE,3,675,5,4,https://inec-cvr-cache.s3.eu-west-1.amazonaws.com/cached/results/39241/result_156953_1677531961_thumb.jpg
ENUGU,ENUGU EAST,ABAKPA II,14-03-02-010,,,TIPPER PARK I,270,1323,TRUE,0,TRUE,TRUE,FALSE,FALSE,FALSE,0,255,4,0,https://inec-cvr-cache.s3.eu-west-1.amazonaws.com/cached/results/39252/result_157002_1677505110_thumb.jpg
ENUGU,ENUGU EAST,UMUENWENE,14-03-03-001,,,NIKE TOWN HALL I,500,2149,TRUE,0,TRUE,FALSE,FALSE,FALSE,FALSE,4,450,7,7,https://inec-cvr-cache.s3.eu-west-1.amazonaws.com/cached/results/39264/result_157038_1677536789_thumb.jpg
ENUGU,ENUGU EAST,UMUENWENE,14-03-03-006,,,OBINAGU VILLA I,163,750,TRUE,0,TRUE,FALSE,FALSE,FALSE,FALSE,1,147,2,0,https://inec-cvr-cache.s3.eu-west-1.amazonaws.com/cached/results/39269/result_157043_1677537272_thumb.jpg
ENUGU,ENUGU EAST,UMUENWENE,14-03-03-010,,,UGBO EMMA I,314,1149,TRUE,0,TRUE,FALSE,FALSE,FALSE,FALSE,0,301,2,2,https://inec-cvr-cache.s3.eu-west-1.amazonaws.com/cached/results/39273/result_157047_1677537797_thumb.jpg
ENUGU,ENUGU EAST,UMUENWENE,14-03-03-011,,,UGBO EMMA II,120,1733,TRUE,0,TRUE,FALSE,FALSE,FALSE,FALSE,0,0,0,0,https://inec-cvr-cache.s3.eu-west-1.amazonaws.com/cached/results/39274/result_157048_1677537910_thumb.jpg
ENUGU,ENUGU EAST,MBULUIYIUKWU,14-03-05-009,,,C.P.S. OGBEKE  NIKE II,72,509,TRUE,0,TRUE,FALSE,FALSE,FALSE,FALSE,3,116,8,0,https://inec-cvr-cache.s3.eu-west-1.amazonaws.com/cached/results/39293/result_157100_1677517852_thumb.jpg
ENUGU,ENUGU EAST,MBULU-NJODO WEST,14-03-07-001,,,TOWN SCHOOL EMENE I,165,668,TRUE,0,TRUE,FALSE,FALSE,FALSE,FALSE,1,154,3,0,https://inec-cvr-cache.s3.eu-west-1.amazonaws.com/cached/results/39312/result_157123_1677547810_thumb.jpg
ENUGU,ENUGU EAST,TRANS-EKULU,14-03-09-006,,,OPEN SQUARE ALONG UMUDIOKA I,273,954,TRUE,0,TRUE,FALSE,FALSE,FALSE,TRUE,1,267,3,0,https://inec-cvr-cache.s3.eu-west-1.amazonaws.com/cached/results/39353/result_157203_1677521025_thumb.jpg
ENUGU,ENUGU EAST,TRANS-EKULU,14-03-09-024,,,UGBO ODOGWU PRIMARY SCHOOL IV,286,1055,TRUE,0,TRUE,FALSE,FALSE,FALSE,FALSE,0,283,3,0,https://inec-cvr-cache.s3.eu-west-1.amazonaws.com/cached/results/39371/result_157221_1677525820_thumb.jpg
ENUGU,ENUGU EAST,TRANS-EKULU,14-03-09-026,,,SCHOOL OF DENTAL TECH. I,623,2875,TRUE,0,TRUE,FALSE,FALSE,FALSE,FALSE,0,614,1,1,https://inec-cvr-cache.s3.eu-west-1.amazonaws.com/cached/results/39373/result_157223_1677526553_thumb.jpg
ENUGU,ENUGU EAST,MBULU-NJODO EAST,14-03-12-017,,,UGWUOMU NIKE I,118,691,TRUE,0,TRUE,FALSE,FALSE,FALSE,FALSE,1,109,5,1,https://inec-cvr-cache.s3.eu-west-1.amazonaws.com/cached/results/39412/result_157293_1677582720_thumb.jpg
ENUGU,ENUGU NORTH,ASATA TOWNSHIP,14-04-01-003,,,UDI ROAD PRIMARY SCHOOL III,119,441,TRUE,0,TRUE,FALSE,FALSE,FALSE,FALSE,1,116,1,0,https://docs.inecelectionresults.net/elections_prod/1292/state/1/lga/3364/ward/20532/pu/39431/39431-1677573913.pdf
ENUGU,ENUGU NORTH,ASATA TOWNSHIP,14-04-01-005,,,UDI ROAD PRIMARY SCHOOL V,155,758,TRUE,0,TRUE,FALSE,FALSE,FALSE,FALSE,2,122,1,0,https://docs.inecelectionresults.net/elections_prod/1292/state/1/lga/3364/ward/20532/pu/39433/39433-1677621212.pdf
ENUGU,ENUGU NORTH,ASATA TOWNSHIP,14-04-01-008,,,ASATA PRIMARY SCHOOL V,182,856,TRUE,0,TRUE,TRUE,FALSE,FALSE,FALSE,1,173,3,0,https://docs.inecelectionresults.net/elections_prod/1292/state/1/lga/3364/ward/20532/pu/39436/39436-1677510267.pdf
ENUGU,ENUGU NORTH,ASATA TOWNSHIP,14-04-01-015,,,ASATA PRIMARY SCHOOL I,167,890,TRUE,0,TRUE,FALSE,FALSE,FALSE,FALSE,0,161,3,0,https://docs.inecelectionresults.net/elections_prod/1292/state/1/lga/3364/ward/20532/pu/39443/39443-1677512636.pdf
ENUGU,ENUGU NORTH,UMUNEVO,14-04-02-005,,,AFIA NINE V/SQUARE V,174,946,TRUE,0,TRUE,TRUE,FALSE,FALSE,FALSE,0,175,1,0,https://docs.inecelectionresults.net/elections_prod/1292/state/1/lga/3364/ward/20533/pu/39452/39452-1677511160.pdf
ENUGU,ENUGU NORTH,UMUNEVO,14-04-02-007,,,AFIA NINE V/SQUARE VII,154,819,TRUE,0,TRUE,FALSE,FALSE,FALSE,FALSE,0,0,0,0,https://docs.inecelectionresults.net/elections_prod/1292/state/01/lga/04/ward/02/pu/007/007-1677402767.pdf
ENUGU,ENUGU NORTH,ONU-ASATA,14-04-04-004,,,OGUI NIKE PRIMARY SCHOOL (ST. LUKE'S) IV,162,848,TRUE,0,TRUE,FALSE,FALSE,FALSE,FALSE,0,0,0,0,https://docs.inecelectionresults.net/elections_prod/1292/state/01/lga/04/ward/04/pu/004/004-1677386115.pdf
ENUGU,ENUGU NORTH,OGBETTE EAST,14-04-05-001,,,COLLIERY PLAY GROUND I,36,209,TRUE,0,TRUE,TRUE,FALSE,FALSE,FALSE,2,28,1,0,https://docs.inecelectionresults.net/elections_prod/1292/state/1/lga/3364/ward/20536/pu/39481/39481-1677504858.pdf
ENUGU,ENUGU NORTH,OGBETTE EAST,14-04-05-005,,,ST. PETER'S PRIMARY SCHOOL II,99,615,TRUE,0,TRUE,FALSE,FALSE,FALSE,FALSE,0,0,0,0,https://docs.inecelectionresults.net/elections_prod/1292/state/1/lga/3364/ward/20536/pu/39485/39485-1677509145.pdf
ENUGU,ENUGU NORTH,OGBETTE WEST,14-04-06-006,,,BROADRICK PRIMARY SCHOOL VI,150,771,TRUE,0,TRUE,FALSE,FALSE,FALSE,FALSE,0,148,0,1,https://docs.inecelectionresults.net/elections_prod/1292/state/1/lga/3364/ward/20537/pu/39506/39506-1677506975.pdf
ENUGU,ENUGU NORTH,G.R.A,14-04-07-002,,,EKULU PRIMARY SCHOOL II,99,503,TRUE,0,TRUE,FALSE,FALSE,FALSE,FALSE,0,0,0,0,https://docs.inecelectionresults.net/elections_prod/1292/state/1/lga/3364/ward/20538/pu/39524/39524-1677607729.pdf
ENUGU,ENUGU NORTH,G.R.A,14-04-07-009,,,POLO   PARK V,228,1441,TRUE,0,TRUE,FALSE,FALSE,FALSE,FALSE,2,223,0,1,https://docs.inecelectionresults.net/elections_prod/1292/state/1/lga/3364/ward/20538/pu/39531/39531-1677582850.pdf
ENUGU,ENUGU NORTH,G.R.A,14-04-07-010,,,POLO   PARK VI,202,1278,TRUE,0,TRUE,FALSE,FALSE,FALSE,FALSE,0,199,2,0,https://docs.inecelectionresults.net/elections_prod/1292/state/1/lga/3364/ward/20538/pu/39532/39532-1677582980.pdf
ENUGU,ENUGU NORTH,G.R.A,14-04-07-016,,,EKULU PRIMARY SCHOOL II,116,721,TRUE,0,TRUE,FALSE,FALSE,FALSE,FALSE,0,113,13,0,https://docs.inecelectionresults.net/elections_prod/1292/state/1/lga/3364/ward/20538/pu/39538/39538-1677608280.pdf
ENUGU,ENUGU NORTH,OGUI NEW LAYOUT,14-04-08-008,,,QUEEN'S SCHOOL III,190,961,TRUE,0,TRUE,FALSE,FALSE,FALSE,FALSE,1,185,1,0,https://docs.inecelectionresults.net/elections_prod/1292/state/1/lga/3364/ward/20539/pu/39548/39548-1677584113.pdf
ENUGU,ENUGU NORTH,OGUI NEW LAYOUT,14-04-08-010,,,EDINBURGH PRIMARY SCHOOL II,129,810,TRUE,0,TRUE,FALSE,FALSE,FALSE,FALSE,0,113,3,0,https://docs.inecelectionresults.net/elections_prod/1292/state/1/lga/3364/ward/20539/pu/39550/39550-1677584193.pdf
ENUGU,ENUGU NORTH,OGUI NEW LAYOUT,14-04-08-011,,,ENUGU CAMPUS I,434,1918,TRUE,0,TRUE,FALSE,FALSE,FALSE,FALSE,1,430,0,1,https://docs.inecelectionresults.net/elections_prod/1292/state/1/lga/3364/ward/20539/pu/39551/39551-1677584761.pdf
ENUGU,ENUGU NORTH,CHINA TOWN,14-04-09-013,,,CHINA TOWN PRIMARY SCHOOL III,92,558,TRUE,0,TRUE,FALSE,FALSE,FALSE,FALSE,0,0,0,0,https://docs.inecelectionresults.net/elections_prod/1292/state/01/lga/04/ward/09/pu/013/013-1677359416.pdf
ENUGU,ENUGU NORTH,NEW HAVEN,14-04-10-001,,,NEW HAVEN PRIMARY SCHOOL I,338,750,TRUE,0,TRUE,FALSE,FALSE,FALSE,FALSE,0,322,0,0,https://docs.inecelectionresults.net/elections_prod/1292/state/1/lga/3364/ward/20541/pu/39574/39574-1677667192.pdf
ENUGU,ENUGU NORTH,NEW HAVEN,14-04-10-018,,,N.E.P.A. QUARTERS (NEAR VOM NURSERY),353,1671,TRUE,0,TRUE,FALSE,FALSE,FALSE,FALSE,0,0,0,0,https://docs.inecelectionresults.net/elections_prod/1292/state/01/lga/04/ward/10/pu/018/018-1677390418.pdf
ENUGU,ENUGU NORTH,INDEPENDENCE LAYOUT,14-04-11-003,,,OKPARA SQUARE I,848,2777,TRUE,0,TRUE,FALSE,FALSE,FALSE,FALSE,3,840,2,0,https://docs.inecelectionresults.net/elections_prod/1292/state/1/lga/3364/ward/20542/pu/39594/39594-1677508558.pdf
ENUGU,ENUGU NORTH,INDEPENDENCE LAYOUT,14-04-11-005,,,OKPARA SQUARE III,515,2209,TRUE,0,TRUE,FALSE,FALSE,FALSE,FALSE,0,0,0,0,https://docs.inecelectionresults.net/elections_prod/1292/state/01/lga/04/ward/11/pu/005/005-1677386592.pdf
ENUGU,ENUGU NORTH,UDI SIDING/IVA VALLEY,14-04-12-026,,,COLLIERY TECH. SCHOOL I,224,762,TRUE,0,TRUE,FALSE,FALSE,FALSE,FALSE,0,0,0,0,https://docs.inecelectionresults.net/elections_prod/1292/state/1/lga/3364/ward/20543/pu/39632/39632-1677544457.pdf
ENUGU,ENUGU NORTH,UDI SIDING/IVA VALLEY,14-04-12-029,,,ARIA ROAD PRIMARY SCHOOL I,170,753,TRUE,0,TRUE,FALSE,FALSE,FALSE,FALSE,0,0,0,0,https://docs.inecelectionresults.net/elections_prod/1292/state/01/lga/04/ward/12/pu/029/029-1677370837.pdf
ENUGU,ENUGU SOUTH,AMECHI I,14-05-01-001,,,"IMO TRANSPORT COMPANY, 360 AGBANI ROAD I",185,939,TRUE,0,TRUE,FALSE,FALSE,FALSE,FALSE,0,178,1,1,https://docs.inecelectionresults.net/elections_prod/1292/state/1/lga/3365/ward/20545/pu/39663/39663-1677539894.pdf
ENUGU,ENUGU SOUTH,AMECHI I,14-05-01-008,,,"PRIMARY SCHOOL, AMECHI I",146,958,TRUE,0,TRUE,FALSE,FALSE,FALSE,FALSE,1,135,1,0,https://docs.inecelectionresults.net/elections_prod/1292/state/1/lga/3365/ward/20545/pu/39670/39670-1677504756.pdf
ENUGU,ENUGU SOUTH,AMECHI I,14-05-01-009,,,"PRIMARY SCHOOL, AMECHI II",119,750,TRUE,0,TRUE,FALSE,FALSE,FALSE,FALSE,1,106,6,0,https://inec-cvr-cache.s3.eu-west-1.amazonaws.com/cached/results/39661/result_157709_1677577473_thumb.jpg
ENUGU,ENUGU SOUTH,AMECHI I,14-05-01-010,,,"PRIMARY SCHOOL, AMECHI III",172,1057,TRUE,0,TRUE,TRUE,FALSE,FALSE,FALSE,5,150,8,0,https://docs.inecelectionresults.net/elections_prod/1292/state/1/lga/3365/ward/20545/pu/39672/39672-1677543916.pdf
ENUGU,ENUGU SOUTH,AMECHI I,14-05-01-018,,,"PRIMARY SCHOOL, AMECHI XI",100,784,TRUE,0,TRUE,FALSE,FALSE,FALSE,FALSE,1,96,2,0,https://inec-cvr-cache.s3.eu-west-1.amazonaws.com/cached/results/39670/result_157718_1677580999_thumb.jpg
ENUGU,ENUGU SOUTH,AMECHI I,14-05-01-021,,,"IMO TRANSPORT COMPANY, 360 AGBANI ROAD IX",119,965,TRUE,0,TRUE,FALSE,FALSE,FALSE,FALSE,1,117,1,0,https://docs.inecelectionresults.net/elections_prod/1292/state/1/lga/3365/ward/20545/pu/39683/39683-1677540799.pdf
ENUGU,ENUGU SOUTH,AMECHI II,14-05-02-001,,,C.P.S. AMECHI I,0,844,TRUE,0,TRUE,FALSE,FALSE,FALSE,FALSE,2,98,1,0,https://inec-cvr-cache.s3.eu-west-1.amazonaws.com/cached/results/39674/result_157737_1677599652_thumb.jpg
ENUGU,ENUGU SOUTH,OBEAGU I,14-05-03-008,,,ANIANYA VILLAGE SQUARE II,21,505,TRUE,0,TRUE,FALSE,FALSE,FALSE,FALSE,0,17,3,1,https://inec-cvr-cache.s3.eu-west-1.amazonaws.com/cached/results/39697/result_157775_1677578067_thumb.jpg
ENUGU,ENUGU SOUTH,UWANI EAST,14-05-04-004,,,"ST. MARY'S, BIGARD I",217,835,TRUE,0,TRUE,FALSE,FALSE,FALSE,FALSE,0,211,1,0,https://inec-cvr-cache.s3.eu-west-1.amazonaws.com/cached/results/39704/result_157786_1677572517_thumb.jpg
ENUGU,ENUGU SOUTH,AWKUNANAW EAST,14-05-08-004,,,"UNION SECONDARY SCHOOL, AWKUNANAW IV",192,929,TRUE,0,TRUE,FALSE,FALSE,FALSE,FALSE,0,0,0,0,https://inec-cvr-cache.s3.eu-west-1.amazonaws.com/cached/results/39775/result_157910_1677576028_thumb.jpg
ENUGU,ENUGU SOUTH,AKWUKE,14-05-12-007,,,ENTRACO BUS TERMINUS GARRIKI II,167,1189,TRUE,0,TRUE,FALSE,FALSE,FALSE,FALSE,2,163,1,1,https://inec-cvr-cache.s3.eu-west-1.amazonaws.com/cached/results/39827/result_157983_1677571355_thumb.jpg
ENUGU,EZEAGU,OLO/AMAGU UMULOKPA I,14-06-01-002,,,AMAGU AMANDIM HALL,159,689,TRUE,0,TRUE,TRUE,FALSE,FALSE,FALSE,0,155,0,0,https://docs.inecelectionresults.net/elections_prod/1292/state/1/lga/3366/ward/20558/pu/39856/39856-1677588339.pdf
ENUGU,EZEAGU,AWHA,14-06-02-008,,,C.P.S. AGUOBU AWHA NDIAGU,109,564,TRUE,0,TRUE,FALSE,FALSE,FALSE,FALSE,0,0,0,0,https://docs.inecelectionresults.net/elections_prod/1292/state/01/lga/06/ward/02/pu/008/008-1677360696.pdf
ENUGU,EZEAGU,AGUOBU-OWA 1,14-06-03-008,,,P.S. OBODO NGWU II,55,252,TRUE,0,TRUE,FALSE,FALSE,FALSE,FALSE,0,0,0,0,https://docs.inecelectionresults.net/elections_prod/1292/state/01/lga/06/ward/03/pu/008/008-1677364607.pdf
ENUGU,EZEAGU,AGUOBU-OWA 11,14-06-04-002,,,U.P.S. EZEMA I,99,486,TRUE,0,TRUE,FALSE,FALSE,FALSE,FALSE,0,0,0,0,https://docs.inecelectionresults.net/elections_prod/1292/state/01/lga/06/ward/04/pu/002/002-1677392677.pdf
ENUGU,EZEAGU,AGUOBU-OWA 11,14-06-04-003,,,U.P.S. EZEMA II,63,276,TRUE,0,TRUE,FALSE,FALSE,FALSE,FALSE,0,0,0,0,https://docs.inecelectionresults.net/elections_prod/1292/state/01/lga/06/ward/04/pu/003/003-1677384663.pdf
ENUGU,EZEAGU,AGUOBU-OWA 11,14-06-04-004,,,C.P.S. UMUDIM I,100,482,TRUE,0,TRUE,FALSE,FALSE,FALSE,FALSE,0,0,0,0,https://docs.inecelectionresults.net/elections_prod/1292/state/01/lga/06/ward/04/pu/004/004-1677392190.pdf
ENUGU,EZEAGU,AGUOBU-OWA 11,14-06-04-007,,,S.P.S. UMUAJI II,79,348,TRUE,0,TRUE,FALSE,FALSE,FALSE,FALSE,0,0,0,0,https://docs.inecelectionresults.net/elections_prod/1292/state/01/lga/06/ward/04/pu/007/007-1677394520.pdf
ENUGU,EZEAGU,AGUOBU (UMUMBA),14-06-07-004,,,COMMUNITY  PRIMARY  SCHOOL  UMUMBA NDIAGU I,98,491,TRUE,0,TRUE,FALSE,FALSE,FALSE,FALSE,1,89,5,0,https://docs.inecelectionresults.net/elections_prod/1292/state/1/lga/3366/ward/20564/pu/39911/39911-1677601117.pdf
ENUGU,EZEAGU,AGUOBU (UMUMBA),14-06-07-006,,,COMMUNITY PRIMARY  SCHOOL  UMUMBA NDIAGU EXT.,221,620,TRUE,0,TRUE,FALSE,FALSE,FALSE,TRUE,1,197,6,1,https://docs.inecelectionresults.net/elections_prod/1292/state/1/lga/3366/ward/20564/pu/39913/39913-1677601319.pdf
ENUGU,EZEAGU,OGHE I,14-06-09-004,,,C.P.S. AKAMA OGHE I,436,1528,TRUE,0,TRUE,FALSE,FALSE,FALSE,FALSE,0,0,0,0,https://docs.inecelectionresults.net/elections_prod/1292/state/01/lga/06/ward/09/pu/004/004-1677390304.pdf
ENUGU,EZEAGU,OGHE II,14-06-10-003,,,M.P.S. AMANSIODO IMEZI I,95,603,TRUE,0,TRUE,FALSE,FALSE,FALSE,FALSE,0,0,0,0,https://docs.inecelectionresults.net/elections_prod/1292/state/01/lga/06/ward/10/pu/003/003-1677388019.pdf
ENUGU,EZEAGU,IMEZI OWA I,14-06-11-001,,,P.S. UMUDIOHA I,89,509,TRUE,0,TRUE,FALSE,FALSE,FALSE,FALSE,0,0,0,0,https://docs.inecelectionresults.net/elections_prod/1292/state/01/lga/06/ward/11/pu/001/001-1677363695.pdf
ENUGU,EZEAGU,IMEZI OWA I,14-06-11-007,,,C.P.S. UMUAJI/IMUDIM II,130,607,TRUE,0,TRUE,FALSE,FALSE,FALSE,FALSE,8,97,13,1,https://docs.inecelectionresults.net/elections_prod/1292/state/1/lga/3366/ward/20568/pu/39941/39941-1677604211.pdf
ENUGU,EZEAGU,IMEZI OWA II,14-06-12-008,,,ABONUZU PUBLIC SQUARE II,91,464,TRUE,0,TRUE,FALSE,FALSE,FALSE,FALSE,0,0,0,0,https://docs.inecelectionresults.net/elections_prod/1292/state/01/lga/06/ward/12/pu/008/008-1677360823.pdf
ENUGU,EZEAGU,MGBAGBU OWA  I,14-06-13-002,,,C.P.S. UMUAJI II,101,522,TRUE,0,TRUE,TRUE,FALSE,FALSE,FALSE,1,96,2,1,https://docs.inecelectionresults.net/elections_prod/1292/state/1/lga/3366/ward/20570/pu/39953/39953-1677604216.pdf
ENUGU,EZEAGU,MGBAGBU OWA  I,14-06-13-004,,,C.P.S. UMUDIM,135,772,TRUE,0,TRUE,FALSE,FALSE,FALSE,FALSE,0,0,0,0,https://docs.inecelectionresults.net/elections_prod/1292/state/01/lga/06/ward/13/pu/004/004-1677390271.pdf
ENUGU,EZEAGU,MGBAGBU OWA II,14-06-14-004,,,MADONNA MATERNITY,121,523,TRUE,0,TRUE,FALSE,FALSE,FALSE,FALSE,0,0,0,0,https://docs.inecelectionresults.net/elections_prod/1292/state/01/lga/06/ward/14/pu/004/004-1677385137.pdf
ENUGU,EZEAGU,MGBAGBU OWA  III,14-06-15-004,,,OBODOCHA SQUARE II,64,737,TRUE,0,TRUE,FALSE,FALSE,FALSE,FALSE,0,0,0,0,https://docs.inecelectionresults.net/elections_prod/1292/state/01/lga/06/ward/15/pu/004/004-1677361257.pdf
ENUGU,EZEAGU,OBINOFIA,14-06-17-002,,,C.P.S. OBINOFIA NDIUNO I,207,663,TRUE,0,TRUE,FALSE,FALSE,FALSE,FALSE,1,152,28,0,https://docs.inecelectionresults.net/elections_prod/1292/state/1/lga/3366/ward/20574/pu/39981/39981-1677615578.pdf
ENUGU,EZEAGU,OKPOGHO,14-06-18-001,,,C.P.S. OKPOGHO MBUTA,21,189,TRUE,0,TRUE,TRUE,FALSE,FALSE,TRUE,0,20,0,0,https://docs.inecelectionresults.net/elections_prod/1292/state/1/lga/3366/ward/20575/pu/39990/39990-1677613468.pdf
ENUGU,EZEAGU,OLO/AMAGU-UMULOKPA II,14-06-20-001,,,C.P.S. EZEMA OLO I,99,447,TRUE,0,TRUE,FALSE,FALSE,FALSE,FALSE,0,0,0,0,https://docs.inecelectionresults.net/elections_prod/1292/state/01/lga/06/ward/20/pu/001/001-1677394184.pdf
ENUGU,EZEAGU,OLO/AMAGU-UMULOKPA II,14-06-20-003,,,C.P.S. EZEMA OLO III,111,530,TRUE,0,TRUE,FALSE,FALSE,FALSE,FALSE,5,86,8,0,https://docs.inecelectionresults.net/elections_prod/1292/state/1/lga/3366/ward/20577/pu/40007/40007-1677613366.pdf
ENUGU,EZEAGU,OLO/AMAGU-UMULOKPA II,14-06-20-010,,,C.P.S. AWENE OLO IV,63,311,TRUE,0,TRUE,FALSE,FALSE,FALSE,FALSE,0,0,0,0,https://docs.inecelectionresults.net/elections_prod/1292/state/01/lga/06/ward/20/pu/010/010-1677381763.pdf
ENUGU,IGBO ETITI,AKU I,14-07-01-006,,,PREMIER PRIMARY SCHOOL,128,490,TRUE,0,TRUE,FALSE,FALSE,FALSE,FALSE,3,105,6,1,https://docs.inecelectionresults.net/elections_prod/1292/state/01/lga/07/ward/01/pu/006/006-1677368744.pdf
ENUGU,IGBO ETITI,AKU I,14-07-01-008,,,AMANI VILLAGE SQUARE,119,431,TRUE,0,TRUE,FALSE,FALSE,FALSE,FALSE,0,0,0,0,https://docs.inecelectionresults.net/elections_prod/1292/state/01/lga/07/ward/01/pu/008/008-1677398819.pdf
ENUGU,IGBO ETITI,AKU II,14-07-02-004,,,UWENU AMABOKWU,136,442,TRUE,0,TRUE,FALSE,FALSE,FALSE,FALSE,0,0,0,0,https://docs.inecelectionresults.net/elections_prod/1292/state/01/lga/07/ward/02/pu/004/004-1677361174.pdf
ENUGU,IGBO ETITI,AKU II,14-07-02-007,,,AMABOKWU PRIMARY SCHOOL,201,755,TRUE,0,TRUE,FALSE,FALSE,FALSE,FALSE,0,0,0,0,https://docs.inecelectionresults.net/elections_prod/1292/state/01/lga/07/ward/02/pu/007/007-1677404381.pdf
ENUGU,IGBO ETITI,AKU III,14-07-03-005,,,UMUDO OFFIENYI VILLAGE HALL I,132,381,TRUE,0,TRUE,FALSE,FALSE,FALSE,FALSE,12,109,6,0,https://docs.inecelectionresults.net/elections_prod/1292/state/01/lga/07/ward/03/pu/005/005-1677372580.pdf
ENUGU,IGBO ETITI,AKU III,14-07-03-008,,,AMAGU UWANI VILLAGE HALL  II,133,380,TRUE,0,TRUE,FALSE,FALSE,FALSE,TRUE,8,109,10,1,https://docs.inecelectionresults.net/elections_prod/1292/state/01/lga/07/ward/03/pu/008/008-1677374408.pdf
ENUGU,IGBO ETITI,AKU IV,14-07-04-012,,,OLD PUMP NUA,241,775,TRUE,0,TRUE,FALSE,FALSE,FALSE,FALSE,1,231,5,1,https://docs.inecelectionresults.net/elections_prod/1292/40051-1677866606.pdf
ENUGU,IGBO ETITI,AKU V  (IDUEME),14-07-05-011,,,AMAUWANI ORIE VILLAGE SQUARE,84,276,TRUE,0,TRUE,FALSE,FALSE,FALSE,FALSE,0,0,0,0,https://docs.inecelectionresults.net/elections_prod/1292/state/01/lga/07/ward/05/pu/011/011-1677360224.pdf
ENUGU,IGBO ETITI,EKWEGBE I,14-07-06-004,,,UMUEVULIKE HALL,93,359,TRUE,0,TRUE,FALSE,FALSE,FALSE,FALSE,0,0,0,0,https://docs.inecelectionresults.net/elections_prod/1292/state/01/lga/07/ward/06/pu/004/004-1677364582.pdf
ENUGU,IGBO ETITI,EKWEGBE II,14-07-07-001,,,AJUONA HALL/AGURU HALL,258,779,TRUE,0,TRUE,FALSE,FALSE,FALSE,FALSE,2,250,5,0,https://docs.inecelectionresults.net/elections_prod/1292/state/01/lga/07/ward/07/pu/001/001-1677374838.pdf
ENUGU,IGBO ETITI,OZALLA I,14-07-10-011,,,COMMERCIAL SEC. SCHOOL OZALLA,70,295,TRUE,0,TRUE,FALSE,FALSE,FALSE,FALSE,0,0,0,0,https://docs.inecelectionresults.net/elections_prod/1292/state/01/lga/07/ward/10/pu/011/011-1677396390.pdf
ENUGU,IGBO ETITI,IKOLO/OHEBE,14-07-13-010,,,EJUONA PRIMARY SCHOOL OHEBE,139,515,TRUE,0,TRUE,FALSE,FALSE,FALSE,FALSE,0,0,0,0,https://docs.inecelectionresults.net/elections_prod/1292/state/01/lga/07/ward/13/pu/010/010-1677382235.pdf
ENUGU,IGBO ETITI,EJUOHA/UDEME,14-07-15-007,,,UGWUNAGBO VILLAGE HALL II,87,356,TRUE,0,TRUE,FALSE,FALSE,FALSE,FALSE,0,0,0,0,https://docs.inecelectionresults.net/elections_prod/1292/state/01/lga/07/ward/15/pu/006/006-1677363129.pdf
ENUGU,IGBO ETITI,EJUOHA/UDEME,14-07-15-010,,,"CENTRAL SCHOOL, UDUEME I",45,276,TRUE,0,TRUE,FALSE,FALSE,FALSE,FALSE,0,0,0,0,https://docs.inecelectionresults.net/elections_prod/1292/state/01/lga/07/ward/15/pu/010/010-1677370768.pdf
ENUGU,IGBO ETITI,UKEHE II,14-07-17-005,,,OBU BEKEE,125,317,TRUE,0,FALSE,FALSE,FALSE,FALSE,FALSE,0,115,2,0,https://docs.inecelectionresults.net/elections_prod/1292/state/01/lga/07/ward/17/pu/005/005-1677372788.pdf
ENUGU,IGBO ETITI,UKEHE III,14-07-18-001,,,C.P.S. EZI-UKEHE I,106,408,TRUE,0,TRUE,FALSE,FALSE,FALSE,FALSE,1,103,1,0,https://docs.inecelectionresults.net/elections_prod/1292/state/01/lga/07/ward/18/pu/001/001-1677367240.pdf
ENUGU,IGBO ETITI,UKEHE V,14-07-20-002,,,U.P.S. AMANEFI,297,1332,TRUE,0,TRUE,FALSE,FALSE,FALSE,TRUE,9,264,4,1,https://inec-cvr-cache.s3.eu-west-1.amazonaws.com/cached/results/40193/result_158397_1677825865_thumb.jpg
ENUGU,IGBO EZE NORTH,UKEHE V,14-08-01-001,,,UMU ABAKA VIILAGE SQUARE,113,436,TRUE,0,TRUE,FALSE,FALSE,FALSE,FALSE,0,0,0,0,https://inec-cvr-cache.s3.eu-west-1.amazonaws.com/cached/results/40196/result_158400_1677826266_thumb.jpg
ENUGU,IGBO EZE NORTH,ESSODO 1,14-08-01-009,,,MBOSHI AJI,74,486,TRUE,0,TRUE,TRUE,FALSE,FALSE,FALSE,2,63,16,0,https://inec-cvr-cache.s3.eu-west-1.amazonaws.com/cached/results/40205/result_158411_1677777705_thumb.jpg
ENUGU,IGBO EZE NORTH,ESSODO 11,14-08-02-003,,,ORIE ORBA,86,678,TRUE,0,TRUE,FALSE,FALSE,FALSE,FALSE,0,66,7,0,https://docs.inecelectionresults.net/elections_prod/1292/state/1/lga/3368/ward/20599/pu/40223/40223-1677585981.pdf
ENUGU,IGBO EZE NORTH,UMUITODO I,14-08-07-004,,,COMMUNITY  PRIMARY  SCHOOL  UGWU AMUFIE,245,1413,TRUE,0,TRUE,FALSE,FALSE,FALSE,FALSE,0,0,0,0,https://docs.inecelectionresults.net/elections_prod/1292/state/01/lga/08/ward/07/pu/004/004-1677366663.pdf
ENUGU,IGBO EZE NORTH,UMUITODO I,14-08-07-005,,,UMU-OSE HALL I,124,678,TRUE,0,TRUE,FALSE,FALSE,FALSE,FALSE,0,0,0,0,https://docs.inecelectionresults.net/elections_prod/1292/state/01/lga/08/ward/07/pu/005/005-1677368366.pdf
ENUGU,IGBO EZE NORTH,UMUITODO II,14-08-08-005,,,C.P.S. UMUAGBEDO-AGU,95,608,TRUE,0,TRUE,FALSE,FALSE,FALSE,FALSE,0,0,0,0,https://docs.inecelectionresults.net/elections_prod/1292/state/01/lga/08/ward/08/pu/005/005-1677372628.pdf
ENUGU,IGBO EZE NORTH,UMUITODO II,14-08-08-007,,,C.P.S. IKPUIGA,210,1354,TRUE,0,FALSE,FALSE,FALSE,FALSE,FALSE,2,156,13,0,https://docs.inecelectionresults.net/elections_prod/1292/state/01/lga/08/ward/08/pu/007/007-1677424209.pdf
ENUGU,IGBO EZE NORTH,UMUITODO III,14-08-09-007,,,C.P.S. OLIDO I,159,948,TRUE,0,TRUE,FALSE,FALSE,FALSE,FALSE,1,150,5,0,https://inec-cvr-cache.s3.eu-west-1.amazonaws.com/cached/results/40272/result_158507_1677527606_thumb.jpg
ENUGU,IGBO EZE NORTH,EZZODO,14-08-10-009,,,ULOCHE UMU-OSSANYI,109,558,TRUE,0,TRUE,FALSE,FALSE,FALSE,FALSE,903,2,73,514,https://docs.inecelectionresults.net/elections_prod/1292/state/01/lga/08/ward/10/pu/009/009-1677358868.pdf
ENUGU,IGBO EZE NORTH,UMUOZZI I,14-08-11-002,,,UMU OSSAI,42,786,TRUE,0,TRUE,FALSE,FALSE,FALSE,FALSE,0,0,0,0,https://docs.inecelectionresults.net/elections_prod/1292/state/01/lga/08/ward/11/pu/002/002-1677359117.pdf
ENUGU,IGBO EZE NORTH,UMUOZZI I,14-08-11-007,,,NKWO IYIONU,23,327,TRUE,0,TRUE,FALSE,FALSE,FALSE,FALSE,0,0,0,0,https://docs.inecelectionresults.net/elections_prod/1292/state/01/lga/08/ward/11/pu/007/007-1677365361.pdf
ENUGU,IGBO EZE NORTH,UMUOZZI I,14-08-11-010,,,C.P.S. AGUIBEJE I,16,339,TRUE,0,TRUE,FALSE,FALSE,FALSE,FALSE,0,0,0,0,https://docs.inecelectionresults.net/elections_prod/1292/state/01/lga/08/ward/11/pu/010/010-1677363596.pdf
ENUGU,IGBO EZE NORTH,UMUOZZI II,14-08-12-011,,,AMOPE HALL,75,437,TRUE,0,TRUE,FALSE,FALSE,FALSE,FALSE,0,0,0,0,https://inec-cvr-cache.s3.eu-west-1.amazonaws.com/cached/results/40306/result_158549_1677511691_thumb.jpg
ENUGU,IGBO EZE NORTH,UMUOZZI VI,14-08-16-001,,,C.P.S. MKPAMTE I,101,978,TRUE,0,TRUE,FALSE,FALSE,FALSE,FALSE,0,0,0,0,https://docs.inecelectionresults.net/elections_prod/1292/state/1/lga/3368/ward/20613/pu/40347/40347-1677599989.pdf
ENUGU,IGBO EZE NORTH,UMUOZZI VI,14-08-16-002,,,C.P.S. MKPAMTE II,123,810,TRUE,0,TRUE,FALSE,FALSE,FALSE,FALSE,0,0,0,0,https://docs.inecelectionresults.net/elections_prod/1292/state/01/lga/08/ward/16/pu/002/002-1677358831.pdf
ENUGU,IGBO EZE NORTH,UMUOZZI VI,14-08-16-004,,,C.S. ONICHA I,100,628,TRUE,0,TRUE,FALSE,FALSE,FALSE,FALSE,0,0,0,0,https://docs.inecelectionresults.net/elections_prod/1292/state/01/lga/08/ward/16/pu/004/004-1677372474.pdf
ENUGU,IGBO EZE NORTH,UMUOZZI VII,14-08-17-011,,,AGU-EGO UMUADOGWA,20,309,TRUE,0,TRUE,FALSE,FALSE,FALSE,FALSE,0,1004,1322,0,https://docs.inecelectionresults.net/elections_prod/1292/state/1/lga/3368/ward/20614/pu/40368/40368-1677480544.pdf
ENUGU,IGBO EZE NORTH,UMUOZZI X,14-08-20-001,,,OKPOWOLIKE,152,979,TRUE,0,TRUE,FALSE,FALSE,FALSE,FALSE,0,0,0,0,https://docs.inecelectionresults.net/elections_prod/1292/state/01/lga/08/ward/20/pu/001/001-1677372043.pdf
ENUGU,IGBO EZE NORTH,UMUOZZI X,14-08-20-004,,,C.P.S. EZILLO,116,756,TRUE,0,TRUE,FALSE,FALSE,FALSE,FALSE,0,0,0,0,https://inec-cvr-cache.s3.eu-west-1.amazonaws.com/cached/results/40382/result_158656_1677772528_thumb.jpg
ENUGU,IGBO EZE NORTH,UMUOZZI X,14-08-20-005,,,ULOCHE IKEM,0,747,TRUE,0,TRUE,FALSE,FALSE,FALSE,FALSE,0,0,0,0,https://inec-cvr-cache.s3.eu-west-1.amazonaws.com/cached/results/40383/result_158657_1677772978_thumb.jpg
ENUGU,IGBO EZE NORTH,UMUOZZI X,14-08-20-010,,,C.P.S. OKPO,98,756,TRUE,0,TRUE,FALSE,FALSE,FALSE,FALSE,0,0,0,0,https://docs.inecelectionresults.net/elections_prod/1292/state/01/lga/08/ward/20/pu/010/010-1677364397.pdf
ENUGU,IGBO EZE NORTH,UMUOZZI X,14-08-20-011,,,ULOWA EZILLO,74,527,TRUE,0,TRUE,FALSE,FALSE,FALSE,FALSE,0,0,0,0,https://docs.inecelectionresults.net/elections_prod/1292/state/01/lga/08/ward/20/pu/011/011-1677375426.pdf
ENUGU,IGBO EZE SOUTH,ALOR AGU,14-09-01-007,,,AFOR MARKET SQUARE II,62,816,TRUE,0,TRUE,FALSE,FALSE,FALSE,FALSE,2,53,2,0,https://inec-cvr-cache.s3.eu-west-1.amazonaws.com/cached/results/40396/result_158675_1677575869_thumb.jpg
ENUGU,IGBO EZE SOUTH,EZEMA WARD,14-09-03-002,,,C.P.S. IBAGWA,312,1605,TRUE,0,TRUE,FALSE,FALSE,FALSE,FALSE,11,262,16,1,https://inec-cvr-cache.s3.eu-west-1.amazonaws.com/cached/results/40408/result_158697_1677565611_thumb.jpg
ENUGU,IGBO EZE SOUTH,IHEAKPU (EZZI NGWU WARD),14-09-07-007,,,UMUAKA HALL II,229,1200,TRUE,0,TRUE,FALSE,FALSE,FALSE,FALSE,4,200,4,0,https://inec-cvr-cache.s3.eu-west-1.amazonaws.com/cached/results/40447/result_158769_1677504272_thumb.jpg
ENUGU,IGBO EZE SOUTH,ITCHI/UWANI I,14-09-09-004,,,OTOBO NDIAGU UMU OGBU,223,973,TRUE,0,TRUE,TRUE,FALSE,FALSE,FALSE,2,191,14,0,https://inec-cvr-cache.s3.eu-west-1.amazonaws.com/cached/results/40457/result_158790_1677504598_thumb.jpg
ENUGU,IGBO EZE SOUTH,ITCHI/UWANI II,14-09-10-001,,,AMAEKPURU,116,733,TRUE,0,TRUE,FALSE,FALSE,FALSE,FALSE,0,0,0,0,https://inec-cvr-cache.s3.eu-west-1.amazonaws.com/cached/results/40461/result_158797_1677522897_thumb.jpg
ENUGU,IGBO EZE SOUTH,NKALAGU OBUKPA,14-09-11-005,,,C.P.S. ELU-OHE,173,679,TRUE,0,TRUE,FALSE,FALSE,FALSE,FALSE,3,139,18,0,https://inec-cvr-cache.s3.eu-west-1.amazonaws.com/cached/results/40474/result_158810_1677507346_thumb.jpg
ENUGU,IGBO EZE SOUTH,OVOKO (UMUELO/OVOKO AGU WARD),14-09-13-002,,,C.P.S OVOKO AGU I,148,842,TRUE,0,TRUE,FALSE,FALSE,FALSE,FALSE,0,139,2,1,https://inec-cvr-cache.s3.eu-west-1.amazonaws.com/cached/results/40481/result_158827_1677503953_thumb.jpg
ENUGU,IGBO EZE SOUTH,OVOKO (UMULOLO WARD),14-09-14-006,,,C.P.S. OVOKO ULO I,218,1179,TRUE,0,TRUE,FALSE,FALSE,FALSE,FALSE,0,0,0,0,https://inec-cvr-cache.s3.eu-west-1.amazonaws.com/cached/results/40497/result_158850_1677502987_thumb.jpg
ENUGU,ISI UZO,MBU I,14-10-05-001,,,C.S. MBU AMON,365,1334,TRUE,0,TRUE,FALSE,FALSE,FALSE,FALSE,0,0,0,0,https://inec-cvr-cache.s3.eu-west-1.amazonaws.com/cached/results/40549/result_158930_1677523236_thumb.jpg
ENUGU,ISI UZO,MBU I,14-10-05-005,,,ONUNKWO UWANI,255,757,TRUE,0,TRUE,FALSE,FALSE,FALSE,FALSE,0,217,14,0,https://inec-cvr-cache.s3.eu-west-1.amazonaws.com/cached/results/40553/result_158934_1677525413_thumb.jpg
ENUGU,ISI UZO,MBU I,14-10-05-006,,,UGWUANAMA PRIMARY SCHOOL,291,728,TRUE,0,TRUE,FALSE,FALSE,FALSE,FALSE,1,229,49,1,https://inec-cvr-cache.s3.eu-west-1.amazonaws.com/cached/results/40554/result_158935_1677524516_thumb.jpg
ENUGU,ISI UZO,MBU II,14-10-06-002,,,AHARU PRIMARY SCHOOL,229,886,TRUE,0,TRUE,FALSE,FALSE,FALSE,FALSE,2,205,10,2,https://inec-cvr-cache.s3.eu-west-1.amazonaws.com/cached/results/40558/result_158940_1677525307_thumb.jpg
ENUGU,ISI UZO,EHAMUFU I,14-10-08-005,,,OBODO NABO,287,1583,TRUE,0,TRUE,FALSE,FALSE,FALSE,FALSE,1,276,3,1,https://inec-cvr-cache.s3.eu-west-1.amazonaws.com/cached/results/40577/result_158965_1677525857_thumb.jpg
ENUGU,ISI UZO,EHAMUFU I,14-10-08-012,,,OKPOKWU UMU OGBODO PRIMARY SCHOOL,22,347,TRUE,0,TRUE,FALSE,FALSE,FALSE,FALSE,0,0,0,0,https://inec-cvr-cache.s3.eu-west-1.amazonaws.com/cached/results/40584/result_158972_1677526173_thumb.jpg
ENUGU,ISI UZO,EHAMUFU IV,14-10-11-002,,,NGELE IKPA PRIMARY SCHOOL,261,1230,TRUE,0,TRUE,FALSE,FALSE,FALSE,FALSE,1,252,4,1,https://inec-cvr-cache.s3.eu-west-1.amazonaws.com/cached/results/40617/result_159022_1677525652_thumb.jpg
ENUGU,ISI UZO,EHAMUFU IV,14-10-11-014,,,UZAM UGWU VILLAGE SQUARE,50,232,TRUE,0,TRUE,FALSE,FALSE,FALSE,FALSE,1,43,3,3,https://inec-cvr-cache.s3.eu-west-1.amazonaws.com/cached/results/40629/result_159034_1677525528_thumb.jpg
ENUGU,NKANU EAST,AMECHI/IDODO/ORUKU,14-11-01-007,,,UKWUEDO MARKET SQUARE,92,523,TRUE,0,TRUE,FALSE,FALSE,FALSE,FALSE,0,0,0,0,https://docs.inecelectionresults.net/elections_prod/1292/state/01/lga/11/ward/01/pu/007/007-1677411123.pdf
ENUGU,NKANU EAST,AMECHI/IDODO/ORUKU,14-11-01-008,,,EKE UMUODE MARKET SQUARE,152,878,TRUE,0,TRUE,FALSE,FALSE,FALSE,FALSE,0,0,0,0,https://docs.inecelectionresults.net/elections_prod/1292/state/01/lga/11/ward/01/pu/008/008-1677388487.pdf
ENUGU,NKANU EAST,AKPOFU/ISIENU/AMAGUNZE,14-11-03-008,,,RIVER SIDE PRIMARY SCHOOL OSU,88,640,TRUE,0,TRUE,FALSE,FALSE,FALSE,FALSE,0,0,0,0,https://docs.inecelectionresults.net/elections_prod/1292/state/01/lga/11/ward/03/pu/007/007-1677393371.pdf
ENUGU,NKANU EAST,IHUOKPARA,14-11-04-002,,,IGWEBUIKE PRIMARY SCHOOL,92,420,TRUE,0,TRUE,FALSE,FALSE,FALSE,FALSE,0,0,0,0,https://docs.inecelectionresults.net/elections_prod/1292/state/01/lga/11/ward/04/pu/002/002-1677386303.pdf
ENUGU,NKANU EAST,IHUOKPARA,14-11-04-007,,,OGANIRU PRIMARY SCHOOL,105,453,TRUE,0,TRUE,FALSE,FALSE,FALSE,FALSE,0,0,0,0,https://docs.inecelectionresults.net/elections_prod/1292/state/01/lga/11/ward/04/pu/007/007-1677386464.pdf
ENUGU,NKANU EAST,NARA I,14-11-05-001,,,COMMUNITY SCHOOL NDIAGU UMUIBA,65,357,TRUE,0,TRUE,FALSE,FALSE,FALSE,FALSE,0,0,0,0,https://docs.inecelectionresults.net/elections_prod/1292/state/01/lga/11/ward/05/pu/001/001-1677385009.pdf
ENUGU,NKANU EAST,NARA I,14-11-05-003,,,ONUFIA UMUIBA VILLAGE SQUARE,181,983,TRUE,0,TRUE,FALSE,FALSE,FALSE,FALSE,0,0,0,0,https://docs.inecelectionresults.net/elections_prod/1292/state/01/lga/11/ward/05/pu/003/003-1677384899.pdf
ENUGU,NKANU EAST,NARA I,14-11-05-007,,,PRIMARY SCHOOL OBEAGU UMUIBA,41,300,TRUE,0,TRUE,FALSE,FALSE,FALSE,FALSE,0,39,1,0,https://docs.inecelectionresults.net/elections_prod/1292/state/01/lga/11/ward/05/pu/007/007-1677388110.pdf
ENUGU,NKANU EAST,NARA II,14-11-06-002,,,PRIMARY SCHOOL NDI AGU ODE,64,676,TRUE,0,TRUE,FALSE,FALSE,FALSE,FALSE,0,0,0,0,https://docs.inecelectionresults.net/elections_prod/1292/state/01/lga/11/ward/06/pu/002/002-1677384452.pdf
ENUGU,NKANU EAST,OHUANI/ONICHA-AGU,14-11-09-010,,,AMUZAM VILLAGE SQUARE,0,227,TRUE,0,TRUE,FALSE,FALSE,FALSE,FALSE,0,0,0,0,https://inec-cvr-cache.s3.eu-west-1.amazonaws.com/cached/results/40713/result_159144_1677574670_thumb.jpg
ENUGU,NKANU EAST,OHUANI/ONICHA-AGU,14-11-09-012,,,C.S. ONICHA AGU III,44,311,TRUE,0,TRUE,FALSE,FALSE,FALSE,FALSE,0,0,0,0,https://docs.inecelectionresults.net/elections_prod/1292/state/01/lga/11/ward/09/pu/012/012-1677406909.pdf
ENUGU,NKANU EAST,UGBAWKA I,14-11-10-004,,,C.S. OBEAGU,128,527,TRUE,0,TRUE,FALSE,FALSE,FALSE,FALSE,0,0,0,0,https://docs.inecelectionresults.net/elections_prod/1292/state/01/lga/11/ward/10/pu/004/004-1677406430.pdf
ENUGU,NKANU EAST,UGBAWKA I,14-11-10-008,,,AMANKWO  PRIMARY SCHOOL,117,643,TRUE,0,TRUE,FALSE,FALSE,FALSE,FALSE,0,0,0,0,https://docs.inecelectionresults.net/elections_prod/1292/state/01/lga/11/ward/10/pu/007/007-1677385874.pdf
ENUGU,NKANU EAST,UGBAWKA I,14-11-10-010,,,RAILWAY STATION,52,298,TRUE,0,TRUE,FALSE,FALSE,FALSE,FALSE,0,0,0,0,https://docs.inecelectionresults.net/elections_prod/1292/state/01/lga/11/ward/10/pu/010/010-1677388720.pdf
ENUGU,NKANU EAST,UGBAWKA II,14-11-11-003,,,OBDO OBODOAGU VILLAGE SQUARE,78,373,TRUE,0,TRUE,FALSE,FALSE,FALSE,FALSE,0,0,0,0,https://docs.inecelectionresults.net/elections_prod/1292/state/01/lga/11/ward/11/pu/002/002-1677384391.pdf
ENUGU,NKANU EAST,OWO,14-11-14-003,,,COMMUNITY PRIMARY SCHOOL MBURU OWO,138,713,TRUE,0,TRUE,FALSE,FALSE,FALSE,FALSE,0,31,100,0,https://docs.inecelectionresults.net/elections_prod/1292/state/01/lga/11/ward/14/pu/003/003-1677381376.pdf
ENUGU,NKANU EAST,OWO,14-11-14-004,,,IDODO RIVER PRIMARY SCHOOL,145,552,TRUE,0,TRUE,FALSE,FALSE,FALSE,FALSE,0,76,55,0,https://docs.inecelectionresults.net/elections_prod/1292/state/01/lga/11/ward/14/pu/004/004-1677384251.pdf
ENUGU,NKANU EAST,OWO,14-11-14-006,,,ONUOBODO ISAIAH NJOM MBULU OWO,159,1040,TRUE,0,TRUE,FALSE,FALSE,FALSE,FALSE,0,0,0,0,https://docs.inecelectionresults.net/elections_prod/1292/state/01/lga/11/ward/14/pu/006/006-1677383034.pdf
ENUGU,NKANU WEST,AGBANI,14-12-01-006,,,CENTRAL SCHOOL AGBANI I,52,1667,TRUE,0,TRUE,FALSE,FALSE,FALSE,FALSE,0,196,2,0,https://inec-cvr-cache.s3.eu-west-1.amazonaws.com/cached/results/40759/result_159210_1677518822_thumb.jpg
ENUGU,NKANU WEST,AMURRI,14-12-02-005,,,COMMUNITY CENTRAL SCHOOL UMUIGBO,111,898,TRUE,0,TRUE,FALSE,FALSE,FALSE,FALSE,0,0,0,0,https://docs.inecelectionresults.net/elections_prod/1292/state/01/lga/12/ward/02/pu/005/005-1677426448.pdf
ENUGU,NKANU WEST,AMURRI,14-12-02-008,,,COMMUNITY PRIMARY SCHOOL ENUAGU,48,343,TRUE,0,TRUE,FALSE,FALSE,FALSE,FALSE,0,0,0,0,https://docs.inecelectionresults.net/elections_prod/1292/state/01/lga/12/ward/02/pu/008/008-1677422185.pdf
ENUGU,NKANU WEST,AMURRI,14-12-02-014,,,OBODO OKOLO CHUKWU VILLAGE SQUARE,92,459,TRUE,0,TRUE,FALSE,FALSE,FALSE,FALSE,0,0,0,0,https://docs.inecelectionresults.net/elections_prod/1292/state/01/lga/12/ward/02/pu/014/014-1677427032.pdf
ENUGU,NKANU WEST,AMURRI,14-12-02-016,,,COMMUNITY PRIMARY SCHOOL ENUAGU,56,500,TRUE,0,TRUE,FALSE,FALSE,FALSE,FALSE,0,0,0,0,https://docs.inecelectionresults.net/elections_prod/1292/state/01/lga/12/ward/02/pu/016/016-1677421107.pdf
ENUGU,NKANU WEST,AMURRI,14-12-02-019,,,OBODO OJIRI VILLAGE SQUARE II,37,193,TRUE,0,TRUE,FALSE,FALSE,FALSE,FALSE,0,0,0,0,https://docs.inecelectionresults.net/elections_prod/1292/state/01/lga/12/ward/02/pu/019/019-1677424984.pdf
ENUGU,NKANU WEST,AKEGBE-UGWU (OKWUO),14-12-03-003,,,COMMUNITY PRIMARY SCHOOL AMIGBO,161,613,TRUE,0,TRUE,FALSE,FALSE,FALSE,FALSE,0,138,10,0,https://inec-cvr-cache.s3.eu-west-1.amazonaws.com/cached/results/40795/result_159257_1677531601_thumb.jpg
ENUGU,NKANU WEST,OBUOFFIA,14-12-05-004,,,IHEANI AWKUNANAW CENTRAL HALL,123,410,TRUE,0,TRUE,FALSE,FALSE,FALSE,FALSE,0,117,4,1,https://inec-cvr-cache.s3.eu-west-1.amazonaws.com/cached/results/40811/result_159275_1677490234_thumb.jpg
ENUGU,NKANU WEST,OBE,14-12-06-012,,,UGWU MKPUME VILLAGE SQUARE,28,328,TRUE,0,TRUE,FALSE,FALSE,FALSE,FALSE,0,0,0,0,https://docs.inecelectionresults.net/elections_prod/1292/state/01/lga/12/ward/06/pu/012/012-1677360510.pdf
ENUGU,NKANU WEST,OZALLA,14-12-07-010,,,COURT PREMISES,131,544,TRUE,0,TRUE,FALSE,FALSE,FALSE,FALSE,0,0,0,0,https://inec-cvr-cache.s3.eu-west-1.amazonaws.com/cached/results/40841/result_159309_1677528422_thumb.jpg
ENUGU,NKANU WEST,OZALLA,14-12-07-013,,,UMUAGU VILLAGE SQUARE,117,660,TRUE,0,TRUE,FALSE,FALSE,FALSE,FALSE,0,109,6,0,https://docs.inecelectionresults.net/elections_prod/1292/state/01/lga/12/ward/07/pu/013/013-1677407765.pdf
ENUGU,NKANU WEST,OZALLA,14-12-07-015,,,UKPAETTE VILLAGE SQUARE I,63,378,TRUE,0,TRUE,FALSE,FALSE,FALSE,FALSE,0,0,0,0,https://docs.inecelectionresults.net/elections_prod/1292/state/1/lga/3372/ward/20665/pu/40855/40855-1677570366.pdf
ENUGU,NKANU WEST,OBINAGU UWANI (AKPUGO I),14-12-08-002,,,AMAOWELLE TOWN HALL,94,721,TRUE,0,TRUE,FALSE,FALSE,FALSE,FALSE,4,72,1,1,https://inec-cvr-cache.s3.eu-west-1.amazonaws.com/cached/results/40855/result_159323_1677566139_thumb.jpg
ENUGU,NKANU WEST,AKPUGO III,14-12-10-007,,,NDIUZU VILLAGE HALL IHUNEKWAGU,58,277,TRUE,0,TRUE,FALSE,FALSE,FALSE,TRUE,4,36,0,0,https://inec-cvr-cache.s3.eu-west-1.amazonaws.com/cached/results/40876/result_159351_1677518503_thumb.jpg
ENUGU,NKANU WEST,NDIUNO UWANI (AKPUGO I),14-12-14-005,,,CENTRAL SCHOOL AKPUGO II,79,790,TRUE,0,TRUE,FALSE,FALSE,FALSE,FALSE,1,65,2,3,https://inec-cvr-cache.s3.eu-west-1.amazonaws.com/cached/results/40927/result_159408_1677575858_thumb.jpg
ENUGU,NSUKKA,OGBOZALLA/IDI,14-13-01-005,,,UMUILE VILLAGE HALL,92,569,TRUE,0,TRUE,FALSE,FALSE,FALSE,FALSE,0,74,9,0,https://inec-cvr-cache.s3.eu-west-1.amazonaws.com/cached/results/40933/result_159416_1677590039_thumb.jpg
ENUGU,NSUKKA,OGBOZALLA/IDI,14-13-01-023,,,KPOKPO,195,536,TRUE,0,TRUE,TRUE,FALSE,FALSE,FALSE,1,164,12,2,https://inec-cvr-cache.s3.eu-west-1.amazonaws.com/cached/results/40951/result_159434_1677600959_thumb.jpg
ENUGU,NSUKKA,EDE-NTA,14-13-05-001,,,COMMUNITY PRIMARY SCHOOL EDE-OBALLA I,152,540,TRUE,0,TRUE,FALSE,FALSE,FALSE,TRUE,0,125,18,0,https://inec-cvr-cache.s3.eu-west-1.amazonaws.com/cached/results/40989/result_159481_1677587458_thumb.jpg
ENUGU,NSUKKA,EDE-NTA,14-13-05-003,,,OTOBO AMAUZU,293,777,TRUE,0,TRUE,FALSE,FALSE,FALSE,FALSE,0,0,0,0,https://inec-cvr-cache.s3.eu-west-1.amazonaws.com/cached/results/40991/result_159483_1677588411_thumb.jpg
ENUGU,NSUKKA,EDEM-ANI,14-13-06-003,,,OTOBO AMOGWU,267,871,TRUE,0,TRUE,FALSE,FALSE,FALSE,FALSE,3,248,3,3,https://inec-cvr-cache.s3.eu-west-1.amazonaws.com/cached/results/41002/result_159494_1677590152_thumb.jpg
ENUGU,NSUKKA,AGBEMEBE/UMABOR,14-13-08-004,,,OKWANYI VILLAGE SQUARE,217,810,TRUE,0,TRUE,FALSE,FALSE,FALSE,FALSE,0,209,6,0,https://inec-cvr-cache.s3.eu-west-1.amazonaws.com/cached/results/41022/result_159526_1677591295_thumb.jpg
ENUGU,NSUKKA,EHA-UNO,14-13-09-006,,,PRIMARY SCHOOL AKWARI I,121,432,TRUE,0,TRUE,FALSE,FALSE,FALSE,FALSE,0,0,0,0,https://inec-cvr-cache.s3.eu-west-1.amazonaws.com/cached/results/41038/result_159546_1677591224_thumb.jpg
ENUGU,NSUKKA,EHA-UNO,14-13-09-009,,,OTOBO UKWUAJI,187,685,TRUE,0,TRUE,FALSE,FALSE,FALSE,FALSE,1414,5,75,1057,https://inec-cvr-cache.s3.eu-west-1.amazonaws.com/cached/results/41041/result_159549_1677592830_thumb.jpg
ENUGU,NSUKKA,EJUONA/UWANI,14-13-12-008,,,OTOBO UMUOROGBOGU,97,261,TRUE,0,TRUE,FALSE,FALSE,FALSE,FALSE,2,85,9,0,https://inec-cvr-cache.s3.eu-west-1.amazonaws.com/cached/results/41080/result_159599_1677594556_thumb.jpg
ENUGU,NSUKKA,EJUONA/UWANI,14-13-12-011,,,OTOBO UMUOGBOJI,77,216,TRUE,0,FALSE,FALSE,FALSE,FALSE,FALSE,7,51,13,1,https://inec-cvr-cache.s3.eu-west-1.amazonaws.com/cached/results/41083/result_159602_1677596749_thumb.jpg
ENUGU,NSUKKA,MKPUNANO,14-13-14-009,,,OTOBO UMUEZE UMAKASHI,313,922,TRUE,0,TRUE,FALSE,FALSE,FALSE,FALSE,2,986,13,1,https://inec-cvr-cache.s3.eu-west-1.amazonaws.com/cached/results/41117/result_159636_1677594122_thumb.jpg
ENUGU,NSUKKA,IHE,14-13-15-001,,,U.N.N. PRIMARY SCHOOL I,677,2423,TRUE,0,TRUE,FALSE,FALSE,FALSE,TRUE,2,652,3,0,https://inec-cvr-cache.s3.eu-west-1.amazonaws.com/cached/results/41125/result_159661_1677596036_thumb.jpg
ENUGU,NSUKKA,IHE,14-13-15-002,,,U.N.N. PRIMARY SCHOOL II,613,2361,TRUE,0,TRUE,FALSE,FALSE,FALSE,FALSE,2,606,0,2,https://inec-cvr-cache.s3.eu-west-1.amazonaws.com/cached/results/41126/result_159662_1677596137_thumb.jpg
ENUGU,NSUKKA,IHE,14-13-15-003,,,ARTS THEATRE  U.N.N.,851,3313,TRUE,0,TRUE,FALSE,FALSE,FALSE,FALSE,3,845,0,0,https://inec-cvr-cache.s3.eu-west-1.amazonaws.com/cached/results/41127/result_159663_1677596375_thumb.jpg
ENUGU,NSUKKA,IHE,14-13-15-004,,,ARTS THEATRE  U.N.N.,851,3313,TRUE,0,TRUE,FALSE,FALSE,FALSE,FALSE,0,351,3,0,https://inec-cvr-cache.s3.eu-west-1.amazonaws.com/cached/results/41127/result_159663_1677596375_thumb.jpg
ENUGU,NSUKKA,NNU,14-13-16-014,,,OGBUAGU VILLAGE SQUARE,127,444,TRUE,0,TRUE,FALSE,FALSE,FALSE,FALSE,1,123,0,1,https://inec-cvr-cache.s3.eu-west-1.amazonaws.com/cached/results/41154/result_159716_1677602037_thumb.jpg
ENUGU,NSUKKA,OWERRE/UMUOYO,14-13-17-008,,,OTOBO UMUDIM,129,482,TRUE,0,TRUE,FALSE,FALSE,FALSE,FALSE,1,120,1,0,https://inec-cvr-cache.s3.eu-west-1.amazonaws.com/cached/results/41163/result_159728_1677593636.jpg
ENUGU,NSUKKA,OWERRE/UMUOYO,14-13-17-017,,,TOWNSHIP SCHOOL I,378,1297,TRUE,0,TRUE,FALSE,FALSE,FALSE,FALSE,3,709,3,2,https://inec-cvr-cache.s3.eu-west-1.amazonaws.com/cached/results/41170/result_159735_1677596089_thumb.jpg
ENUGU,NSUKKA,OWERRE/UMUOYO,14-13-17-018,,,UNION PRIMARY SCHOOL II,123,2242,TRUE,0,TRUE,FALSE,FALSE,FALSE,FALSE,0,0,0,0,https://docs.inecelectionresults.net/elections_prod/1292/state/01/lga/13/ward/17/pu/018/018-1677379301.pdf
ENUGU,NSUKKA,OBIMO/IKWOKA,14-13-18-003,,,UGWUOROKO VILLAGE SQUARE,195,655,TRUE,0,TRUE,FALSE,FALSE,FALSE,FALSE,1,173,17,2,https://inec-cvr-cache.s3.eu-west-1.amazonaws.com/cached/results/41178/result_159759_1677591654_thumb.jpg
ENUGU,NSUKKA,OBIMO/IKWOKA,14-13-18-010,,,IKWOKA VILLAGE SQUARE,173,639,TRUE,0,TRUE,FALSE,FALSE,FALSE,FALSE,3,101,1,0,https://inec-cvr-cache.s3.eu-west-1.amazonaws.com/cached/results/41184/result_159765_1677594364_thumb.jpg
ENUGU,NSUKKA,OBUKPA,14-13-20-004,,,AMAUGWU VILLAGE HALL,0,1046,TRUE,0,TRUE,FALSE,FALSE,FALSE,FALSE,3,366,6,1,https://inec-cvr-cache.s3.eu-west-1.amazonaws.com/cached/results/41203/result_159786_1677605839_thumb.jpg
ENUGU,OJI-RIVER,OJI-RIVER II,14-14-02-002,,,SCHOOL OF HEALTH,193,1449,TRUE,0,TRUE,FALSE,FALSE,FALSE,FALSE,0,186,2,0,https://inec-cvr-cache.s3.eu-west-1.amazonaws.com/cached/results/41214/result_159817_1677839226_thumb.jpg
ENUGU,OJI-RIVER,UGWUOBA I,14-14-05-001,,,CENTRAL SCHOOL UGWUOBA,139,746,TRUE,0,TRUE,TRUE,FALSE,FALSE,FALSE,0,132,4,0,https://inec-cvr-cache.s3.eu-west-1.amazonaws.com/cached/results/41222/result_159838_1677515603_thumb.jpg
ENUGU,OJI-RIVER,ACHIAGU I,14-14-08-005,,,COMMUNITY SCHOOL AMAETITI I,225,895,TRUE,0,TRUE,FALSE,FALSE,FALSE,FALSE,4,200,7,3,https://inec-cvr-cache.s3.eu-west-1.amazonaws.com/cached/results/41240/result_159866_1677519657_thumb.jpg
ENUGU,OJI-RIVER,ACHIAGU I,14-14-08-006,,,COMMUNITY SCHOOL AMAETITI II,146,651,TRUE,0,TRUE,FALSE,FALSE,FALSE,FALSE,0,131,6,1,https://inec-cvr-cache.s3.eu-west-1.amazonaws.com/cached/results/41241/result_159867_1677519750_thumb.jpg
ENUGU,OJI-RIVER,ACHIAGU III,14-14-10-001,,,OBU UMUELOCHA VILLAGE SQUARE,85,358,TRUE,0,TRUE,FALSE,FALSE,FALSE,FALSE,0,0,0,0,https://docs.inecelectionresults.net/elections_prod/1292/state/01/lga/14/ward/10/pu/001/001-1677362995.pdf
ENUGU,OJI-RIVER,ACHIUNO II,14-14-12-005,,,COMMUNITY SCHOOL AMANKPUNATO II,91,335,TRUE,0,TRUE,FALSE,FALSE,FALSE,FALSE,1,84,1,0,https://docs.inecelectionresults.net/elections_prod/1292/state/1/lga/3374/ward/20704/pu/41282/41282-1677454584.pdf
ENUGU,OJI-RIVER,ACHIUNO III,14-14-13-002,,,CENTRAL SCHOOL ACHI II,129,772,TRUE,0,TRUE,FALSE,FALSE,FALSE,FALSE,2,123,3,0,https://inec-cvr-cache.s3.eu-west-1.amazonaws.com/cached/results/41278/result_159911_1677619661_thumb.jpg
ENUGU,OJI-RIVER,INYI II,14-14-16-001,,,JOINT SCHOOL AGBALIDI,341,1264,TRUE,0,TRUE,FALSE,FALSE,FALSE,FALSE,0,0,0,0,https://docs.inecelectionresults.net/elections_prod/1292/state/01/lga/14/ward/16/pu/001/001-1677368792.pdf
ENUGU,OJI-RIVER,INYI II,14-14-16-005,,,CENTRAL SCHOOL INYI II,149,929,TRUE,0,TRUE,FALSE,FALSE,FALSE,FALSE,0,0,0,0,https://docs.inecelectionresults.net/elections_prod/1292/state/01/lga/14/ward/16/pu/005/005-1677370368.pdf
ENUGU,UDENU,AMALA,14-15-01-003,,,AGUSHIRE,99,422,TRUE,0,TRUE,FALSE,FALSE,FALSE,FALSE,0,0,0,0,https://docs.inecelectionresults.net/elections_prod/1292/state/01/lga/15/ward/01/pu/003/003-1677397339.pdf
ENUGU,UDENU,AMALA,14-15-01-004,,,UMUAGALI ULO VILLAGE SQUARE I,199,919,TRUE,0,TRUE,FALSE,FALSE,FALSE,FALSE,0,0,0,0,https://docs.inecelectionresults.net/elections_prod/1292/state/01/lga/15/ward/01/pu/004/004-1677398225.pdf
ENUGU,UDENU,AMALA,14-15-01-016,,,AMALA/OBOLLO PRIMARY SCHOOL,74,323,TRUE,0,TRUE,FALSE,FALSE,FALSE,FALSE,0,61,5,0,https://inec-cvr-cache.s3.eu-west-1.amazonaws.com/cached/results/41352/result_159999_1677653070_thumb.jpg
ENUGU,UDENU,EZIMO,14-15-02-008,,,EZIMO AGU PRIMARY SCHOOL,238,698,TRUE,0,TRUE,FALSE,FALSE,FALSE,FALSE,6,206,8,1,https://docs.inecelectionresults.net/elections_prod/1292/state/1/lga/3375/ward/20714/pu/41371/41371-1677465275.pdf
ENUGU,UDENU,IMILIKE,14-15-03-011,,,UMUEZE VILLAGE SQUARE,189,792,TRUE,0,TRUE,FALSE,FALSE,FALSE,FALSE,2,158,8,0,https://inec-cvr-cache.s3.eu-west-1.amazonaws.com/cached/results/41376/result_160029_1677651926_thumb.jpg
ENUGU,UDENU,OBOLLO-AFOR,14-15-04-003,,,CENTRAL SCHOOL OBOLLO AFOR I,315,2047,TRUE,0,TRUE,FALSE,FALSE,FALSE,FALSE,0,371,0,0,https://docs.inecelectionresults.net/elections_prod/1292/state/01/lga/15/ward/04/pu/003/003-1677409092.pdf
ENUGU,UDENU,OBOLLO-AFOR,14-15-04-004,,,CENTRAL SCHOOL OBOLLO AFOR II,274,1706,TRUE,0,TRUE,FALSE,FALSE,FALSE,FALSE,0,0,0,0,https://docs.inecelectionresults.net/elections_prod/1292/state/01/lga/15/ward/04/pu/004/004-1677395019.pdf
ENUGU,UDENU,OBOLLO-AFOR,14-15-04-006,,,UMUAGERE,127,877,TRUE,0,TRUE,FALSE,FALSE,FALSE,FALSE,0,0,0,0,https://docs.inecelectionresults.net/elections_prod/1292/state/01/lga/15/ward/04/pu/006/006-1677395011.pdf
ENUGU,UDENU,OBOLLO-AFOR,14-15-04-012,,,UGBEBE OGWU I,68,392,TRUE,0,TRUE,FALSE,FALSE,FALSE,FALSE,0,0,0,0,https://docs.inecelectionresults.net/elections_prod/1292/state/01/lga/15/ward/04/pu/012/012-1677367226.pdf
ENUGU,UDENU,OBOLLO-AFOR,14-15-04-018,,,UMUEZEJOR VILLAGE HALL,374,2127,TRUE,0,TRUE,FALSE,FALSE,FALSE,FALSE,0,0,0,0,https://docs.inecelectionresults.net/elections_prod/1292/state/01/lga/15/ward/04/pu/018/018-1677366247.pdf
ENUGU,UDENU,OBOLLO-ETITI,14-15-05-003,,,UMUOSIGIDE ULO PRIMARY SCHOOL,197,866,TRUE,0,TRUE,FALSE,FALSE,FALSE,FALSE,10,158,6,3,https://inec-cvr-cache.s3.eu-west-1.amazonaws.com/cached/results/41405/result_160099_1677502839_thumb.jpg
ENUGU,UDENU,OBOLLO-EKE,14-15-06-006,,,ODOBIDO I,59,376,TRUE,0,TRUE,FALSE,FALSE,FALSE,FALSE,1,53,4,0,https://docs.inecelectionresults.net/elections_prod/1292/state/1/lga/3375/ward/20718/pu/41437/41437-1677481298.pdf
ENUGU,UDENU,ORBA I,14-15-08-002,,,OWERRE ANI,149,1441,TRUE,0,TRUE,FALSE,FALSE,FALSE,FALSE,0,271,2,0,https://inec-cvr-cache.s3.eu-west-1.amazonaws.com/cached/results/41460/result_160161_1677606315_thumb.jpg
ENUGU,UDENU,ORBA I,14-15-08-003,,,UMUOKPARA I,359,1855,TRUE,0,TRUE,FALSE,FALSE,FALSE,FALSE,0,340,11,1,https://inec-cvr-cache.s3.eu-west-1.amazonaws.com/cached/results/41461/result_160162_1677605230_thumb.jpg
ENUGU,UDENU,ORBA I,14-15-08-005,,,NKPUNATO,130,1254,TRUE,0,TRUE,FALSE,FALSE,FALSE,FALSE,2,80,39,4,https://docs.inecelectionresults.net/elections_prod/1292/state/1/lga/3375/ward/20720/pu/41472/41472-1677587979.pdf
ENUGU,UDENU,ORBA I,14-15-08-006,,,OWERE ELU,53,2288,TRUE,0,TRUE,FALSE,FALSE,FALSE,FALSE,0,0,0,0,https://inec-cvr-cache.s3.eu-west-1.amazonaws.com/cached/results/41464/result_160165_1677607286_thumb.jpg
ENUGU,UDENU,ORBA I,14-15-08-008,,,AMAUKWU II,160,892,TRUE,0,TRUE,FALSE,FALSE,FALSE,FALSE,4,130,3,1,https://docs.inecelectionresults.net/elections_prod/1292/state/1/lga/3375/ward/20720/pu/41475/41475-1677588743.pdf
ENUGU,UDENU,ORBA I,14-15-08-011,,,UMUOWOROGU,158,1147,TRUE,0,TRUE,TRUE,FALSE,FALSE,TRUE,0,0,0,0,https://docs.inecelectionresults.net/elections_prod/1292/state/1/lga/3375/ward/20720/pu/41478/41478-1677586562.pdf
ENUGU,UDENU,ORBA II,14-15-09-016,,,UMUNKPUME,185,844,TRUE,0,TRUE,FALSE,FALSE,FALSE,FALSE,0,0,0,0,https://inec-cvr-cache.s3.eu-west-1.amazonaws.com/cached/results/41487/result_160209_1677653850_thumb.jpg
ENUGU,UDENU,ORBA II,14-15-09-019,,,OKPU VILLAGE SQUARE II,185,750,TRUE,0,TRUE,FALSE,FALSE,FALSE,FALSE,0,162,9,4,https://inec-cvr-cache.s3.eu-west-1.amazonaws.com/cached/results/41490/result_160212_1677508944_thumb.jpg
ENUGU,UDENU,ORBA II,14-15-09-022,,,OKPU VILLAGE SQUARE II,169,750,TRUE,0,TRUE,FALSE,FALSE,FALSE,FALSE,0,0,0,0,https://inec-cvr-cache.s3.eu-west-1.amazonaws.com/cached/results/41493/result_160215_1677510312_thumb.jpg
ENUGU,UDENU,UDUNEDEM,14-15-10-001,,,AMACHARA VILLAGE SQUARE I,159,726,TRUE,0,TRUE,FALSE,FALSE,FALSE,FALSE,0,130,6,0,https://inec-cvr-cache.s3.eu-west-1.amazonaws.com/cached/results/41495/result_160235_1677521292_thumb.jpg
ENUGU,UDI,UDI/AGBUDU,14-16-01-003,,,EKENENE HALL UDI I,332,1239,TRUE,0,TRUE,FALSE,FALSE,FALSE,FALSE,0,263,14,2,https://docs.inecelectionresults.net/elections_prod/1292/state/1/lga/3376/ward/20723/pu/41515/41515-1677618428.pdf
ENUGU,UDI,UDI/AGBUDU,14-16-01-006,,,COMMUNITY PRIMARY SCHOOL AGBUDU I,114,417,TRUE,0,TRUE,FALSE,FALSE,FALSE,FALSE,7,99,5,1,https://docs.inecelectionresults.net/elections_prod/1292/state/1/lga/3376/ward/20723/pu/41518/41518-1677618696.pdf
ENUGU,UDI,NSUDE,14-16-02-001,,,AMUYI HALL,181,644,TRUE,0,TRUE,FALSE,FALSE,FALSE,FALSE,1,167,5,0,https://docs.inecelectionresults.net/elections_prod/1292/state/1/lga/3376/ward/20724/pu/41522/41522-1677619651.pdf
ENUGU,UDI,NSUDE,14-16-02-002,,,COMMUNITY PRIMARY SCHOOL NSUDE,232,723,TRUE,0,TRUE,FALSE,FALSE,FALSE,FALSE,4,222,1,1,https://docs.inecelectionresults.net/elections_prod/1292/state/1/lga/3376/ward/20724/pu/41523/41523-1677620403.pdf
ENUGU,UDI,UMUABI,14-16-04-001,,,PREMIER PRIMARY SCHOOL UMUABI,239,935,TRUE,0,TRUE,FALSE,FALSE,FALSE,FALSE,1,201,9,2,https://docs.inecelectionresults.net/elections_prod/1292/state/1/lga/3376/ward/20726/pu/41538/41538-1677626375.pdf
ENUGU,UDI,OBINAGU,14-16-05-004,,,OKPUIKE HALL,221,826,TRUE,0,TRUE,FALSE,FALSE,FALSE,FALSE,0,0,0,0,https://docs.inecelectionresults.net/elections_prod/1292/state/1/lga/3376/ward/20727/pu/41546/41546-1677695586.pdf
ENUGU,UDI,OBINAGU,14-16-05-005,,,AKPULU HALL I,219,792,TRUE,0,TRUE,FALSE,FALSE,FALSE,FALSE,45,143,19,0,https://docs.inecelectionresults.net/elections_prod/1292/state/1/lga/3376/ward/20727/pu/41547/41547-1677601455.pdf
ENUGU,UDI,NACHI,14-16-06-009,,,OBODO IKWE HALL II,83,561,TRUE,0,TRUE,FALSE,FALSE,FALSE,FALSE,0,0,0,0,https://docs.inecelectionresults.net/elections_prod/1292/state/01/lga/16/ward/06/pu/009/009-1677371052.pdf
ENUGU,UDI,ABIA,14-16-07-002,,,OFEKE TOWN HALL II,244,1011,TRUE,0,TRUE,FALSE,FALSE,FALSE,FALSE,0,0,0,0,https://docs.inecelectionresults.net/elections_prod/1292/state/01/lga/16/ward/07/pu/002/002-1677368882.pdf
ENUGU,UDI,NGWO UNO,14-16-09-008,,,AKAMA VILLAGE HALL II,254,794,TRUE,0,TRUE,FALSE,FALSE,FALSE,FALSE,0,0,0,0,https://inec-cvr-cache.s3.eu-west-1.amazonaws.com/cached/results/41582/result_160354_1677704646_thumb.jpg
ENUGU,UDI,NGWO UNO,14-16-09-010,,,EKE AMEKE SQUARE II,271,1019,TRUE,0,TRUE,FALSE,FALSE,FALSE,FALSE,1,245,3,1,https://inec-cvr-cache.s3.eu-west-1.amazonaws.com/cached/results/41584/result_160356_1677705155_thumb.jpg
ENUGU,UDI,NGWO UNO,14-16-09-011,,,IBUTE NURSERY SCHOOL,239,916,TRUE,0,TRUE,FALSE,FALSE,FALSE,FALSE,0,0,0,0,https://inec-cvr-cache.s3.eu-west-1.amazonaws.com/cached/results/41585/result_160357_1677705270_thumb.jpg
ENUGU,UDI,NGWO UNO,14-16-09-012,,,9TH MILE MAIN MARKET I,360,1905,TRUE,0,TRUE,FALSE,FALSE,FALSE,FALSE,0,0,0,0,https://inec-cvr-cache.s3.eu-west-1.amazonaws.com/cached/results/41586/result_160358_1677705370_thumb.jpg
ENUGU,UDI,NGWO UNO,14-16-09-013,,,9TH MILE MAIN MARKET II,265,1343,TRUE,0,TRUE,FALSE,FALSE,FALSE,FALSE,0,0,0,0,https://inec-cvr-cache.s3.eu-west-1.amazonaws.com/cached/results/41587/result_160359_1677705512_thumb.jpg
ENUGU,UDI,NGWO UNO,14-16-09-019,,,OKWE AMANKWO HALL,259,896,TRUE,0,TRUE,FALSE,FALSE,FALSE,FALSE,0,0,0,0,https://inec-cvr-cache.s3.eu-west-1.amazonaws.com/cached/results/41592/result_160364_1677707677_thumb.jpg
ENUGU,UDI,NGWO UNO,14-16-09-020,,,OKWE AMANKWO HALL,259,896,TRUE,0,TRUE,FALSE,FALSE,FALSE,FALSE,0,0,0,0,https://inec-cvr-cache.s3.eu-west-1.amazonaws.com/cached/results/41592/result_160364_1677707677_thumb.jpg
ENUGU,UDI,NGWO UNO,14-16-09-023,,,UMUOZOENWU SQUARE,163,676,TRUE,0,TRUE,FALSE,FALSE,FALSE,FALSE,0,0,0,0,https://inec-cvr-cache.s3.eu-west-1.amazonaws.com/cached/results/41597/result_160369_1677708304_thumb.jpg
ENUGU,UDI,AWHUM/UKANA,14-16-11-005,,,COMMUNITY PRIMARY SCHOOL UZU UKANA II,117,526,TRUE,0,TRUE,FALSE,FALSE,FALSE,TRUE,0,109,0,0,https://docs.inecelectionresults.net/elections_prod/1292/state/1/lga/3376/ward/20733/pu/41620/41620-1677680757.pdf
ENUGU,UDI,EGEDE/UMUOKA,14-16-12-003,,,OBIONUEZE MEYIWO I,97,485,TRUE,0,TRUE,FALSE,FALSE,FALSE,FALSE,0,0,0,0,https://docs.inecelectionresults.net/elections_prod/1292/state/01/lga/16/ward/12/pu/003/003-1677381388.pdf
ENUGU,UDI,EGEDE/UMUOKA,14-16-12-010,,,UMUOKA P/S IKENGA I,57,327,TRUE,0,TRUE,FALSE,FALSE,FALSE,FALSE,0,0,0,0,https://docs.inecelectionresults.net/elections_prod/1292/state/01/lga/16/ward/12/pu/010/010-1677372591.pdf
ENUGU,UDI,EGEDE/UMUOKA,14-16-12-011,,,UMUOKA P/S IKENGA II,61,316,TRUE,0,TRUE,FALSE,FALSE,FALSE,FALSE,0,0,0,0,https://docs.inecelectionresults.net/elections_prod/1292/state/01/lga/16/ward/12/pu/011/011-1677375450.pdf
ENUGU,UDI,AKPA KWUME/NZE,14-16-13-007,,,UMUGWU HALL I,70,331,TRUE,0,TRUE,FALSE,FALSE,FALSE,FALSE,0,62,0,0,https://docs.inecelectionresults.net/elections_prod/1292/state/01/lga/16/ward/13/pu/007/007-1677366157.pdf
ENUGU,UDI,AFFA/OGHU/IKONO,14-16-14-001,,,"COMMUNITY PRIMARY SCHOOL, AMACHALLA",237,832,TRUE,0,TRUE,FALSE,FALSE,FALSE,FALSE,0,0,0,0,https://docs.inecelectionresults.net/elections_prod/1292/state/01/lga/16/ward/14/pu/001/001-1677397144.pdf
ENUGU,UDI,AFFA/OGHU/IKONO,14-16-14-011,,,CENTRAL SCHOOL OBINAGU  AFFA,117,372,TRUE,0,TRUE,FALSE,FALSE,FALSE,FALSE,2,107,2,0,https://docs.inecelectionresults.net/elections_prod/1292/state/1/lga/3376/ward/20736/pu/41654/41654-1677477687.pdf
ENUGU,UDI,ABOR,14-16-15-003,,,MATERNITY SQUARE ABOR I,199,643,TRUE,0,TRUE,FALSE,FALSE,FALSE,FALSE,0,0,0,0,https://docs.inecelectionresults.net/elections_prod/1292/state/01/lga/16/ward/15/pu/003/003-1677400717.pdf
ENUGU,UDI,OKPATU,14-16-16-003,,,EZEAMA HALL I,165,567,TRUE,0,TRUE,FALSE,FALSE,FALSE,FALSE,0,0,0,0,https://inec-cvr-cache.s3.eu-west-1.amazonaws.com/cached/results/41663/result_160468_1677761567_thumb.jpg
ENUGU,UDI,UMULUMGBE,14-16-18-003,,,CENTRAL SCHOOL UWENU/AMACHALLA I,154,741,TRUE,0,TRUE,TRUE,FALSE,FALSE,FALSE,1,119,9,7,https://inec-cvr-cache.s3.eu-west-1.amazonaws.com/cached/results/41678/result_160488_1677665455_thumb.jpg
ENUGU,UDI,EKE,14-16-19-005,,,ABA OGUI EKE II,114,501,TRUE,0,TRUE,FALSE,FALSE,FALSE,FALSE,0,104,0,2,https://docs.inecelectionresults.net/elections_prod/1292/state/1/lga/3376/ward/20741/pu/41698/41698-1677749475.pdf
ENUGU,UZO-UWANI,ADABA-NKUME,14-17-02-004,,,AMAOGBO ORIE ADABA II,0,419,TRUE,0,TRUE,FALSE,FALSE,FALSE,FALSE,0,0,0,0,https://inec-cvr-cache.s3.eu-west-1.amazonaws.com/cached/results/41719/result_160538_1677607131_thumb.jpg
ENUGU,UZO-UWANI,UMULOKPA,14-17-03-006,,,CENTRAL SCHOOL UMULOKPA I,141,750,TRUE,0,TRUE,FALSE,FALSE,FALSE,FALSE,10,122,5,1,https://inec-cvr-cache.s3.eu-west-1.amazonaws.com/cached/results/41730/result_160549_1677597411_thumb.jpg
ENUGU,UZO-UWANI,ADANI,14-17-06-005,,,AKUTARA VILLAGE SQUARE,159,502,TRUE,0,TRUE,TRUE,FALSE,FALSE,FALSE,1,145,6,3,https://inec-cvr-cache.s3.eu-west-1.amazonaws.com/cached/results/41757/result_160578_1677606822_thumb.jpg
ENUGU,UZO-UWANI,ABBI,14-17-08-001,,,COMMUNITY PRIMARY SCHOOL ABBI I,180,650,TRUE,0,TRUE,FALSE,FALSE,FALSE,FALSE,0,0,0,0,https://inec-cvr-cache.s3.eu-west-1.amazonaws.com/cached/results/41776/result_160598_1677588016_thumb.jpg
ENUGU,UZO-UWANI,UVURU,14-17-10-001,,,OGWU UVURU,72,182,TRUE,0,TRUE,FALSE,FALSE,FALSE,FALSE,0,62,1,0,https://inec-cvr-cache.s3.eu-west-1.amazonaws.com/cached/results/41789/result_160613_1677599442_thumb.jpg
ENUGU,UZO-UWANI,NIMBO I,14-17-11-008,,,JIDE BREAK,2,71,TRUE,0,TRUE,FALSE,FALSE,FALSE,TRUE,0,2,0,0,https://inec-cvr-cache.s3.eu-west-1.amazonaws.com/cached/results/41803/result_160628_1677604220_thumb.jpg
ENUGU,UZO-UWANI,NIMBO II,14-17-12-006,,,EKWULU VILLAGE SQUARE,49,305,TRUE,0,TRUE,FALSE,FALSE,FALSE,FALSE,4,43,1,1,https://inec-cvr-cache.s3.eu-west-1.amazonaws.com/cached/results/41809/result_160637_1677656598_thumb.jpg
ENUGU,UZO-UWANI,NKPOLOGU,14-17-16-002,,,COMMUNITY PRIMARY SCHOOL NKPOLOGU I,175,728,TRUE,0,TRUE,FALSE,FALSE,FALSE,FALSE,5,147,11,1,https://inec-cvr-cache.s3.eu-west-1.amazonaws.com/cached/results/41833/result_160664_1677587851_thumb.jpg
ENUGU,UZO-UWANI,NKPOLOGU,14-17-16-004,,,CENTRAL SCHOOL NKPOLOGU I,239,1140,TRUE,0,TRUE,FALSE,FALSE,FALSE,FALSE,2,236,1,0,https://inec-cvr-cache.s3.eu-west-1.amazonaws.com/cached/results/41835/result_160666_1677589138_thumb.jpg
ENUGU,UZO-UWANI,NKPOLOGU,14-17-16-008,,,C.P.S. NKPOLOGU II,132,523,TRUE,0,TRUE,TRUE,FALSE,FALSE,FALSE,3,96,19,2,https://inec-cvr-cache.s3.eu-west-1.amazonaws.com/cached/results/41839/result_160670_1677596730_thumb.jpg
ENUGU,ANINRI,MPU,14-01-10-020,,,OBODO AMACHALLA VILLAGE SQUARE MPU,35,97,TRUE,0,TRUE,FALSE,FALSE,FALSE,FALSE,0,0,0,0,https://inec-cvr-cache.s3.eu-west-1.amazonaws.com/cached/results/634418/result_156680_1677668805_thumb.jpg
ENUGU,AWGU,OWELLI/AMOLI/UGBO/OGUGU,14-02-09-035,,,UMUAGAMA VILLAGE HALL,0,2,TRUE,0,TRUE,FALSE,FALSE,FALSE,FALSE,0,0,0,0,https://inec-cvr-cache.s3.eu-west-1.amazonaws.com/cached/results/634450/result_156880_1677679345_thumb.jpg
ENUGU,AWGU,MGBIDI/MMAKU,14-02-07-029,,,"CENTRAL SCHOOL EZIOHA, MMAKU",47,84,TRUE,0,TRUE,FALSE,FALSE,FALSE,FALSE,0,0,0,0,https://docs.inecelectionresults.net/elections_prod/1292/state/01/lga/02/ward/07/pu/029/029-1677369229.pdf
ENUGU,AWGU,MGBOWO,14-02-03-020,,,OBODO NDI ULO MGBOWO,6,25,TRUE,0,TRUE,FALSE,FALSE,FALSE,FALSE,0,6,0,0,https://docs.inecelectionresults.net/elections_prod/1292/state/1/lga/3362/ward/20511/pu/141491/141491-1677598799.pdf
ENUGU,AWGU,MGBOWO,14-02-03-021,,,OBODO INYI MARKET SQUARE,10,32,TRUE,0,TRUE,FALSE,FALSE,FALSE,FALSE,0,0,0,0,https://docs.inecelectionresults.net/elections_prod/1292/state/1/lga/3362/ward/20511/pu/141492/141492-1677633250.pdf
ENUGU,ENUGU EAST,ABAKPA I,14-03-01-036,,,UGBOWA MARKET SQUARE,22,39,TRUE,0,TRUE,FALSE,FALSE,FALSE,TRUE,1,20,1,0,https://inec-cvr-cache.s3.eu-west-1.amazonaws.com/cached/results/634480/result_156957_1677566573_thumb.jpg
ENUGU,ENUGU EAST,ABAKPA I,14-03-01-049,,,HOUSING ESTATE SHOPPING COMPLEX I,154,515,TRUE,0,TRUE,FALSE,FALSE,FALSE,FALSE,0,0,0,0,https://docs.inecelectionresults.net/elections_prod/1292/state/01/lga/03/ward/01/pu/049/049-1677390102.pdf
ENUGU,ENUGU EAST,ABAKPA I,14-03-01-057,,,GODFREY OKOYE UNIVERSITY 1ST GATE I,304,460,TRUE,0,TRUE,FALSE,FALSE,FALSE,FALSE,0,0,0,0,https://docs.inecelectionresults.net/elections_prod/1292/state/01/lga/03/ward/01/pu/057/057-1677391523.pdf
ENUGU,ENUGU EAST,ABAKPA I,14-03-01-058,,,GODFREY OKOYE UNIVERSITY 1ST GATE II,121,193,TRUE,0,TRUE,FALSE,FALSE,FALSE,FALSE,0,0,0,0,https://docs.inecelectionresults.net/elections_prod/1292/state/01/lga/03/ward/01/pu/058/058-1677402093.pdf
ENUGU,ENUGU EAST,ABAKPA I,14-03-01-062,,,NATIONAL ORTHOPEDIC HOSPITAL GATE 2,31,56,TRUE,0,TRUE,FALSE,FALSE,FALSE,TRUE,0,30,0,0,https://docs.inecelectionresults.net/elections_prod/1292/state/1/lga/3363/ward/20520/pu/141529/141529-1677536014.pdf
ENUGU,ENUGU EAST,MBULU-NJODO WEST,14-03-07-045,,,OBINAGU AGBARA VILLAGE SQUARE,18,41,TRUE,0,TRUE,FALSE,FALSE,FALSE,FALSE,0,0,0,0,https://inec-cvr-cache.s3.eu-west-1.amazonaws.com/cached/results/634579/result_157167_1677681432_thumb.jpg
ENUGU,ENUGU EAST,TRANS-EKULU,14-03-09-031,,,"OBIAJA STREET, POLE BUS STOP FEDERAL HOUSING",32,41,TRUE,0,TRUE,FALSE,FALSE,FALSE,FALSE,0,30,0,1,https://inec-cvr-cache.s3.eu-west-1.amazonaws.com/cached/results/634595/result_157228_1677527989_thumb.jpg
ENUGU,ENUGU EAST,UMUCHIGBO,14-03-08-015,,,OLD AIRPORT ROAD BY HARBARTEX JUNCTION DESTINY LAYOUT,252,399,TRUE,0,TRUE,FALSE,FALSE,FALSE,FALSE,0,0,0,0,https://docs.inecelectionresults.net/elections_prod/1292/state/01/lga/03/ward/08/pu/015/015-1677366628.pdf
ENUGU,ENUGU EAST,UMUENWENE,14-03-03-035,,,CORNERSTONE I,147,233,TRUE,0,TRUE,FALSE,FALSE,FALSE,FALSE,0,0,0,0,https://docs.inecelectionresults.net/elections_prod/1292/state/01/lga/03/ward/03/pu/035/035-1677391530.pdf
ENUGU,ENUGU NORTH,G.R.A,14-04-07-031,,,ENUGU SPORTS CLUB II,91,161,TRUE,0,TRUE,FALSE,FALSE,FALSE,FALSE,2,87,2,0,https://docs.inecelectionresults.net/elections_prod/1292/state/1/lga/3364/ward/20538/pu/141728/141728-1677590012.pdf
ENUGU,ENUGU NORTH,G.R.A,14-04-07-037,,,GOVERNMENT SECONDARY SCHOOL GRA III,72,148,TRUE,0,TRUE,FALSE,FALSE,FALSE,FALSE,0,0,0,0,https://docs.inecelectionresults.net/elections_prod/1292/state/1/lga/3364/ward/20538/pu/141733/141733-1677590664.pdf
ENUGU,ENUGU NORTH,IHEWUZI,14-04-03-011,,,IHEWUZI GROUND I,28,45,TRUE,0,TRUE,FALSE,FALSE,FALSE,TRUE,1,27,0,0,https://docs.inecelectionresults.net/elections_prod/1292/state/1/lga/3364/ward/20534/pu/141693/141693-1677506579.pdf
ENUGU,ENUGU NORTH,IHEWUZI,14-04-03-013,,,ISHIAGU ONUATO SQUARE I,9,29,TRUE,0,TRUE,FALSE,FALSE,FALSE,FALSE,0,0,0,0,https://docs.inecelectionresults.net/elections_prod/1292/state/1/lga/3364/ward/20534/pu/141695/141695-1677505810.pdf
ENUGU,ENUGU NORTH,INDEPENDENCE LAYOUT,14-04-11-029,,,CUSTOM/HANSA AVENUE III,13,21,TRUE,0,TRUE,FALSE,FALSE,FALSE,FALSE,0,0,0,0,https://docs.inecelectionresults.net/elections_prod/1292/state/1/lga/3364/ward/20542/pu/141801/141801-1677605754.pdf
ENUGU,ENUGU NORTH,INDEPENDENCE LAYOUT,14-04-11-030,,,UMUNEVO OGUI NIKE VILLAGE SQUARE I,19,43,TRUE,0,TRUE,FALSE,FALSE,FALSE,FALSE,0,0,0,0,https://docs.inecelectionresults.net/elections_prod/1292/state/01/lga/04/ward/11/pu/030/030-1677361878.pdf
ENUGU,ENUGU NORTH,INDEPENDENCE LAYOUT,14-04-11-046,,,AGUOWO OGUI NIKE DEV. CENTRE I,75,175,TRUE,0,TRUE,FALSE,FALSE,FALSE,FALSE,0,0,0,0,https://docs.inecelectionresults.net/elections_prod/1292/state/1/lga/3364/ward/20542/pu/141817/141817-1677574134.pdf
ENUGU,ENUGU SOUTH,ACHARA LAYOUT WEST,14-05-07-035,,,ETUDO SQUARE I,126,185,TRUE,0,TRUE,FALSE,FALSE,FALSE,FALSE,0,122,0,0,https://inec-cvr-cache.s3.eu-west-1.amazonaws.com/cached/results/634845/result_157903_1677693863_thumb.jpg
ENUGU,ENUGU SOUTH,AKWUKE,14-05-12-016,,,HEALTH CENTRE AKWUKE,25,64,TRUE,0,TRUE,FALSE,FALSE,FALSE,FALSE,1,22,1,0,https://inec-cvr-cache.s3.eu-west-1.amazonaws.com/cached/results/634851/result_157992_1677572571_thumb.jpg
ENUGU,ENUGU SOUTH,AMECHI I,14-05-01-029,,,AMECHI AWKUNANAW CIVIC CENTER II,29,75,TRUE,0,TRUE,FALSE,FALSE,FALSE,FALSE,1,28,0,0,https://docs.inecelectionresults.net/elections_prod/1292/state/1/lga/3365/ward/20545/pu/141844/141844-1677543057.pdf
ENUGU,ENUGU SOUTH,MARYLAND,14-05-13-014,,,MARYLAND ESTATE I,410,603,TRUE,0,TRUE,FALSE,FALSE,FALSE,FALSE,1,401,0,0,https://inec-cvr-cache.s3.eu-west-1.amazonaws.com/cached/results/634909/result_158016_1677546273_thumb.jpg
ENUGU,EZEAGU,OGHE I,14-06-09-008,,,AMANKWO IMEZI MKT SQUARE,10,29,TRUE,0,TRUE,FALSE,FALSE,FALSE,FALSE,0,0,0,0,https://docs.inecelectionresults.net/elections_prod/1292/state/01/lga/06/ward/09/pu/008/008-1677367875.pdf
ENUGU,IGBO ETITI,OHAODO I,14-07-08-007,,,UMUEZIKE HALL ACHARA OHODO,52,93,TRUE,0,TRUE,FALSE,FALSE,FALSE,FALSE,0,0,0,0,https://docs.inecelectionresults.net/elections_prod/1292/state/01/lga/07/ward/08/pu/007/007-1677361729.pdf
ENUGU,IGBO ETITI,UKEHE I,14-07-16-010,,,MODEL  PRIMARY HEALTH CENTRE,65,120,TRUE,0,TRUE,TRUE,FALSE,FALSE,FALSE,2,54,7,0,https://inec-cvr-cache.s3.eu-west-1.amazonaws.com/cached/results/634973/result_158365_1677823026_thumb.jpg
ENUGU,IGBO EZE NORTH,ESSODO 1,14-08-01-017,,,OLD MARKET HEALTH CENTRE AJI,40,102,TRUE,0,FALSE,FALSE,FALSE,FALSE,FALSE,1,28,9,0,https://docs.inecelectionresults.net/elections_prod/1292/state/01/lga/08/ward/01/pu/017/017-1677423852.pdf
ENUGU,IGBO EZE NORTH,ESSODO 1,14-08-01-021,,,ULOCHE OKPORO IGWE,47,179,TRUE,0,TRUE,FALSE,FALSE,FALSE,FALSE,0,0,0,0,https://docs.inecelectionresults.net/elections_prod/1292/state/01/lga/08/ward/01/pu/021/021-1677359169.pdf
ENUGU,IGBO EZE NORTH,ESSODO 111,14-08-03-007,,,AMUKPA TOWN HALL,0,0,TRUE,0,TRUE,FALSE,FALSE,FALSE,FALSE,0,0,0,0,https://inec-cvr-cache.s3.eu-west-1.amazonaws.com/cached/results/634989/result_158445_1677770408_thumb.jpg
ENUGU,IGBO EZE NORTH,UMUITODO I,14-08-07-010,,,UMUOGIRI HALL AMUFIE,14,38,TRUE,0,TRUE,FALSE,FALSE,FALSE,FALSE,0,0,0,0,https://docs.inecelectionresults.net/elections_prod/1292/state/01/lga/08/ward/07/pu/010/010-1677372674.pdf
ENUGU,IGBO EZE NORTH,UMUITODO I,14-08-07-012,,,UGWUEKE VILLAGE SQUARE,10,19,TRUE,0,TRUE,FALSE,FALSE,FALSE,FALSE,0,0,0,0,https://docs.inecelectionresults.net/elections_prod/1292/state/01/lga/08/ward/07/pu/012/012-1677366584.pdf
ENUGU,IGBO EZE NORTH,UMUOZZI V,14-08-15-012,,,C.P.S. UKWUIYI OGRUTE ULO,0,4,TRUE,0,TRUE,FALSE,FALSE,FALSE,TRUE,0,0,0,0,https://inec-cvr-cache.s3.eu-west-1.amazonaws.com/cached/results/635028/result_158592_1677514613_thumb.jpg
ENUGU,IGBO EZE NORTH,UMUOZZI VII,14-08-17-017,,,ULOCHE UDOLU,1,2,TRUE,0,TRUE,FALSE,FALSE,FALSE,FALSE,0,0,0,0,https://docs.inecelectionresults.net/elections_prod/1292/state/01/lga/08/ward/17/pu/017/017-1677375243.pdf
ENUGU,IGBO EZE SOUTH,ECHARA/ISIAGU,14-09-04-016,,,UMUAZU VILLAGE HALL,26,50,TRUE,0,TRUE,FALSE,FALSE,FALSE,FALSE,0,24,0,0,https://inec-cvr-cache.s3.eu-west-1.amazonaws.com/cached/results/635066/result_158725_1677510794_thumb.jpg
ENUGU,IGBO EZE SOUTH,OVOKO (UMUELO/OVOKO AGU WARD),14-09-13-013,,,OTOBO ISI AKWANA,0,0,TRUE,0,TRUE,FALSE,FALSE,FALSE,FALSE,0,0,0,0,https://inec-cvr-cache.s3.eu-west-1.amazonaws.com/cached/results/635117/result_158838_1678099674_thumb.jpg
ENUGU,IGBO EZE SOUTH,OVOKO (UMUELO/OVOKO AGU WARD),14-09-13-016,,,AMAFOR  VILLAGE HALL,2,2,TRUE,0,TRUE,FALSE,FALSE,FALSE,FALSE,0,0,0,0,https://inec-cvr-cache.s3.eu-west-1.amazonaws.com/cached/results/635120/result_158841_1677512006_thumb.jpg
ENUGU,ISI UZO,EHAMUFU II,14-10-09-013,,,COMMUNITY SEC SCHL. UMUHU,71,132,TRUE,0,TRUE,FALSE,FALSE,FALSE,FALSE,0,0,0,0,https://inec-cvr-cache.s3.eu-west-1.amazonaws.com/cached/results/635144/result_158992_1677593830_thumb.jpg
ENUGU,ISI UZO,IKEM I,14-10-01-010,,,COMMUNITY SEC. SCHOOL ISIOROTO,61,132,TRUE,0,TRUE,TRUE,FALSE,FALSE,TRUE,0,0,0,0,https://inec-cvr-cache.s3.eu-west-1.amazonaws.com/cached/results/635162/result_158891_1677524980_thumb.jpg
ENUGU,NKANU EAST,AKPOFU/ISIENU/AMAGUNZE,14-11-03-014,,,IJI VILL. HEALTH CENTRE,0,0,TRUE,0,TRUE,FALSE,FALSE,FALSE,FALSE,0,0,0,0,https://inec-cvr-cache.s3.eu-west-1.amazonaws.com/cached/results/635183/result_159082_1677575571_thumb.jpg
ENUGU,NKANU EAST,AMECHI/IDODO/ORUKU,14-11-01-011,,,COMM. PRI. SCH. ORUKU,6,41,TRUE,0,TRUE,FALSE,FALSE,FALSE,FALSE,0,0,0,0,https://docs.inecelectionresults.net/elections_prod/1292/state/01/lga/11/ward/01/pu/011/011-1677386464.pdf
ENUGU,NKANU EAST,AMECHI/IDODO/ORUKU,14-11-01-013,,,OHANI VILL. SQ. AMECHI IDODO,24,53,TRUE,0,TRUE,FALSE,FALSE,FALSE,FALSE,0,0,0,0,https://docs.inecelectionresults.net/elections_prod/1292/state/01/lga/11/ward/01/pu/013/013-1677410690.pdf
ENUGU,NKANU EAST,OWO,14-11-14-011,,,OGERE OWO TOWN HALL,41,94,TRUE,0,TRUE,FALSE,FALSE,FALSE,TRUE,0,27,10,0,https://docs.inecelectionresults.net/elections_prod/1292/state/01/lga/11/ward/14/pu/011/011-1677382990.pdf
ENUGU,NKANU EAST,OWO,14-11-10-012,,,OGERE OWO TOWN HALL,41,94,TRUE,0,TRUE,FALSE,FALSE,FALSE,FALSE,0,0,0,0,https://docs.inecelectionresults.net/elections_prod/1292/state/01/lga/11/ward/14/pu/011/011-1677382990.pdf
ENUGU,NKANU EAST,UGBAWKA II,14-11-11-013,,,COMM. SCH. III ISIGWE,14,36,TRUE,0,TRUE,FALSE,FALSE,FALSE,FALSE,0,0,0,0,https://docs.inecelectionresults.net/elections_prod/1292/state/01/lga/11/ward/11/pu/013/013-1677383255.pdf
ENUGU,NKANU WEST,NDIUNO UWANI (AKPUGO I),14-12-14-008,,,OBODO EDE OGIRISHI TOWN HALL,0,32,TRUE,0,TRUE,FALSE,FALSE,FALSE,FALSE,0,0,0,0,https://inec-cvr-cache.s3.eu-west-1.amazonaws.com/cached/results/635245/result_159411_1677530229_thumb.jpg
ENUGU,NSUKKA,ALOR-UNO,14-13-03-009,,,OTOBO EZIOKWU IHE ALOR-UNO,104,139,TRUE,0,TRUE,FALSE,FALSE,FALSE,FALSE,0,97,7,0,https://inec-cvr-cache.s3.eu-west-1.amazonaws.com/cached/results/635266/result_159465_1677591625_thumb.jpg
ENUGU,OJI-RIVER,ACHIAGU I,14-14-08-008,,,OBUEZE HALL GBARAGU AHANI,68,105,TRUE,0,TRUE,FALSE,FALSE,FALSE,FALSE,0,59,2,0,https://inec-cvr-cache.s3.eu-west-1.amazonaws.com/cached/results/635370/result_159869_1677519893_thumb.jpg
ENUGU,OJI-RIVER,ACHIAGU I,14-14-08-009,,,OBU UMOLIKE HALL AMAETITI,72,123,TRUE,0,TRUE,TRUE,FALSE,FALSE,FALSE,0,42,0,2,https://inec-cvr-cache.s3.eu-west-1.amazonaws.com/cached/results/635371/result_159870_1677519957_thumb.jpg
ENUGU,OJI-RIVER,AKPUGOEZE,14-14-20-017,,,UMUDIM PRIMARY SCHOOL AKPUGOEZE,41,74,TRUE,0,TRUE,FALSE,FALSE,FALSE,FALSE,0,37,2,0,https://inec-cvr-cache.s3.eu-west-1.amazonaws.com/cached/results/635382/result_159982_1677563606_thumb.jpg
ENUGU,OJI-RIVER,INYI III,14-14-17-006,,,HEALTH CENTRE OFIYI-UGWU OBUNE,56,115,TRUE,0,TRUE,FALSE,FALSE,FALSE,FALSE,0,0,0,0,https://docs.inecelectionresults.net/elections_prod/1292/state/01/lga/14/ward/17/pu/006/006-1677389341.pdf
ENUGU,OJI-RIVER,OJI-RIVER I,14-14-01-005,,,UGWUNZU BUS STOP,41,87,TRUE,0,TRUE,TRUE,FALSE,FALSE,FALSE,1,29,0,0,https://docs.inecelectionresults.net/elections_prod/1292/state/01/lga/14/ward/01/pu/005/005-1677402752.pdf
ENUGU,UDENU,OBOLLO-ETITI,14-15-05-021,,,LEKE VILLAGE HALL,18,44,TRUE,0,TRUE,FALSE,FALSE,FALSE,FALSE,0,0,0,0,https://inec-cvr-cache.s3.eu-west-1.amazonaws.com/cached/results/635437/result_160117_1677509163_thumb.jpg
ENUGU,UDENU,OBOLLO-AFOR,14-15-04-045,,,NKPAGU VILLAGE SQUARE OBOLLO-AFOR,0,0,TRUE,0,TRUE,FALSE,FALSE,FALSE,FALSE,0,0,0,0,https://docs.inecelectionresults.net/elections_prod/1292/state/1/lga/3375/ward/20716/pu/142476/142476-1677604908.pdf
ENUGU,UDENU,ORBA I,14-15-08-024,,,AMAELU VILLAGE SQUARE OWERRE EZEORBA,0,9,TRUE,0,TRUE,FALSE,FALSE,FALSE,FALSE,0,0,0,0,https://inec-cvr-cache.s3.eu-west-1.amazonaws.com/cached/results/635481/result_160183_1677607571_thumb.jpg
ENUGU,UDENU,ORBA I,14-15-08-025,,,OKPORO NZUTE,17,47,TRUE,0,TRUE,FALSE,FALSE,FALSE,FALSE,0,0,0,0,https://inec-cvr-cache.s3.eu-west-1.amazonaws.com/cached/results/635482/result_160184_1677607105_thumb.jpg
ENUGU,UDENU,ORBA I,14-15-08-026,,,AMAGU VILLAGE SQUARE,4,12,TRUE,0,TRUE,FALSE,FALSE,FALSE,FALSE,0,0,0,0,https://inec-cvr-cache.s3.eu-west-1.amazonaws.com/cached/results/635483/result_160185_1677607427_thumb.jpg
ENUGU,UDENU,ORBA I,14-15-08-033,,,NKWO ORBA PRIMARY SCHOOL,22,55,TRUE,0,TRUE,FALSE,FALSE,FALSE,FALSE,0,17,1,0,https://inec-cvr-cache.s3.eu-west-1.amazonaws.com/cached/results/635490/result_160192_1677605922_thumb.jpg
ENUGU,UDENU,UDUNEDEM,14-15-10-014,,,AMACHARA VILLAGE SQUARE,38,55,TRUE,0,TRUE,FALSE,FALSE,FALSE,FALSE,1,32,1,0,https://inec-cvr-cache.s3.eu-west-1.amazonaws.com/cached/results/635515/result_160248_1677523188_thumb.jpg
ENUGU,UDI,NSUDE,14-16-02-010,,,EZIOHA AMUYI HALL NSUDE,114,206,TRUE,0,TRUE,FALSE,FALSE,FALSE,FALSE,0,107,0,0,https://docs.inecelectionresults.net/elections_prod/1292/state/1/lga/3376/ward/20724/pu/142542/142542-1677624695.pdf
ENUGU,UDI,NGWO UNO,14-16-09-024,,,"ENUGWU UBOJI TOWN HALL, NGWO UNO",79,102,TRUE,0,TRUE,FALSE,FALSE,FALSE,FALSE,0,0,0,0,https://inec-cvr-cache.s3.eu-west-1.amazonaws.com/cached/results/635543/result_160370_1677708516_thumb.jpg
ENUGU,UDI,NGWO UNO,14-16-09-026,,,OKWE UWANI HALL,68,125,TRUE,0,TRUE,FALSE,FALSE,FALSE,FALSE,0,0,0,0,https://inec-cvr-cache.s3.eu-west-1.amazonaws.com/cached/results/635545/result_160372_1677708717_thumb.jpg
ENUGU,UDI,NGWO UNO,14-16-09-035,,,OLD EBS EKOCHIN,62,110,TRUE,0,TRUE,FALSE,FALSE,FALSE,FALSE,0,0,0,0,https://inec-cvr-cache.s3.eu-west-1.amazonaws.com/cached/results/635554/result_160381_1677710278_thumb.jpg
ENUGU,UDI,NGWO UNO,14-16-09-036,,,AMAGU UBOJI VILLAGE HALL,86,119,TRUE,0,TRUE,FALSE,FALSE,FALSE,FALSE,0,0,0,0,https://inec-cvr-cache.s3.eu-west-1.amazonaws.com/cached/results/635555/result_160382_1677710373_thumb.jpg
ENUGU,UDI,NGWO UNO,14-16-09-037,,,"AMOKWE UBOJI, OBOZOUDE  VILLAGE HALL,",154,249,TRUE,0,TRUE,FALSE,FALSE,FALSE,FALSE,0,0,0,0,https://inec-cvr-cache.s3.eu-west-1.amazonaws.com/cached/results/635556/result_160383_1677710471_thumb.jpg
ENUGU,UDI,NGWO UNO,14-16-09-041,,,"NKWO OBODO PRIMARY SCHOOL, AMAEKE",30,69,TRUE,0,TRUE,FALSE,FALSE,FALSE,FALSE,0,14,0,0,https://inec-cvr-cache.s3.eu-west-1.amazonaws.com/cached/results/635560/result_160387_1677711016_thumb.jpg
ENUGU,UDI,NGWO UNO,14-16-09-042,,,UWANI UBOJI SQUARE,77,115,TRUE,0,TRUE,TRUE,FALSE,FALSE,FALSE,2,134,2,1,https://inec-cvr-cache.s3.eu-west-1.amazonaws.com/cached/results/635561/result_160388_1677711149_thumb.jpg
ENUGU,UDI,NGWO UNO,14-16-09-043,,,"OBEAGU OKUNITO VILLAGE HALL, AMANKWO, NGWO UNO",61,102,TRUE,0,TRUE,FALSE,FALSE,FALSE,FALSE,0,0,0,0,https://inec-cvr-cache.s3.eu-west-1.amazonaws.com/cached/results/635562/result_160389_1677711241_thumb.jpg
ENUGU,UDI,NGWO UNO,14-16-09-045,,,UMUNEVO VILLAGE HALL,78,118,TRUE,0,TRUE,FALSE,FALSE,FALSE,FALSE,0,0,0,0,https://inec-cvr-cache.s3.eu-west-1.amazonaws.com/cached/results/635564/result_160391_1677711447_thumb.jpg
ENUGU,UDI,OBINAGU,14-16-05-008,,,AMABO VILLAGE HALL OBINAGU,50,94,TRUE,0,TRUE,FALSE,FALSE,FALSE,FALSE,0,0,0,0,https://docs.inecelectionresults.net/elections_prod/1292/state/1/lga/3376/ward/20727/pu/142552/142552-1677696134.pdf
